Name,Size(KB),Allocation Time(us),Release Time(us),Active Release Time(us),Duration(us),Active Duration(us),Allocation Total Allocated(MB),Allocation Total Reserved(MB),Allocation Total Active(MB),Release Total Allocated(MB),Release Total Reserved(MB),Release Total Active(MB),Stream Ptr,Device Type
aten::empty_strided,0.5,1773303881846218.280	,1773303881847937.630	,1773303881847936.130	,1719.350	,1717.850	,16.12939453125,98.0,16.12939453125,36.17919921875,98.0,36.17919921875,47,NPU:0
aten::gt,16.5,1773303881846374.710	,1773303881850538.400	,1773303881850536.920	,4163.690	,4162.210	,16.1455078125,98.0,16.1455078125,16.16064453125,98.0,16.16064453125,47,NPU:0
aten::gt,65.0,1773303881846396.000	,1773303881846430.650	,1773303881846428.680	,34.650	,32.680	,16.208984375,98.0,16.208984375,16.1455078125,98.0,16.1455078125,47,NPU:0
aten::where,32.5,1773303881846465.850	,1773303881847930.890	,1773303881847928.820	,1465.040	,1462.970	,16.17724609375,98.0,16.17724609375,36.1796875,98.0,36.1796875,47,NPU:0
aten::where,129.5,1773303881846482.200	,1773303881846505.460	,1773303881846503.540	,23.260	,21.340	,16.3037109375,98.0,16.3037109375,16.17724609375,98.0,16.17724609375,47,NPU:0
aten::sub,4096.5,1773303881846576.620	,1773303881849731.340	,1773303881849729.900	,3154.720	,3153.280	,20.177734375,98.0,20.177734375,20.24072265625,98.0,20.24072265625,47,NPU:0
aten::mul,32.5,1773303881846652.580	,1773303881849724.980	,1773303881849722.990	,3072.400	,3070.410	,20.20947265625,98.0,20.20947265625,24.2412109375,98.0,24.2412109375,47,NPU:0
aten::mul,129.5,1773303881846677.710	,1773303881846700.950	,1773303881846699.250	,23.240	,21.540	,20.3359375,98.0,20.3359375,20.20947265625,98.0,20.20947265625,47,NPU:0
aten::div,4096.5,1773303881846732.970	,1773303881847013.210	,1773303881847010.710	,280.240	,277.740	,24.2099609375,98.0,24.2099609375,28.21044921875,98.0,28.21044921875,47,NPU:0
aten::sub,4096.5,1773303881846811.470	,1773303881846927.660	,1773303881846925.300	,116.190	,113.830	,28.21044921875,98.0,28.21044921875,28.21044921875,98.0,28.21044921875,47,NPU:0
aten::relu,4096.5,1773303881846881.860	,1773303881849362.560	,1773303881849360.480	,2480.700	,2478.620	,32.2109375,98.0,32.2109375,24.2412109375,98.0,24.2412109375,47,NPU:0
aten::add,4096.5,1773303881846963.430	,1773303881847224.300	,1773303881847221.680	,260.870	,258.250	,32.2109375,98.0,32.2109375,32.2109375,98.0,32.2109375,47,NPU:0
aten::rsub,4096.5,1773303881847051.780	,1773303881847150.760	,1773303881847148.250	,98.980	,96.470	,32.2109375,98.0,32.2109375,32.2109375,98.0,32.2109375,47,NPU:0
aten::relu,4096.5,1773303881847109.570	,1773303881849139.120	,1773303881849137.520	,2029.550	,2027.950	,36.21142578125,98.0,36.21142578125,28.24169921875,98.0,28.24169921875,47,NPU:0
aten::rsub,4096.5,1773303881847179.390	,1773303881847326.620	,1773303881847323.960	,147.230	,144.570	,36.21142578125,98.0,36.21142578125,32.2109375,98.0,32.2109375,47,NPU:0
aten::mul,4096.5,1773303881847254.610	,1773303881847407.690	,1773303881847404.680	,153.080	,150.070	,36.21142578125,98.0,36.21142578125,32.2109375,98.0,32.2109375,47,NPU:0
aten::mul,16385.5,1773303881847275.720	,1773303881847309.670	,1773303881847307.640	,33.950	,31.920	,52.212890625,98.0,52.212890625,36.21142578125,98.0,36.21142578125,47,NPU:0
aten::sub,4096.5,1773303881847356.130	,1773303881847604.860	,1773303881847602.690	,248.730	,246.560	,36.21142578125,98.0,36.21142578125,32.2109375,98.0,32.2109375,47,NPU:0
aten::round,4096.5,1773303881847428.570	,1773303881847515.820	,1773303881847513.660	,87.250	,85.090	,36.21142578125,98.0,36.21142578125,36.21142578125,98.0,36.21142578125,47,NPU:0
aten::sub,4096.5,1773303881847479.980	,1773303881847597.500	,1773303881847595.430	,117.520	,115.450	,40.2119140625,98.0,40.2119140625,36.21142578125,98.0,36.21142578125,47,NPU:0
aten::add,4096.5,1773303881847555.530	,1773303881847756.890	,1773303881847755.480	,201.360	,199.950	,40.2119140625,98.0,40.2119140625,32.2109375,98.0,32.2109375,47,NPU:0
aten::add,4096.5,1773303881847631.400	,1773303881847744.250	,1773303881847741.690	,112.850	,110.290	,36.21142578125,98.0,36.21142578125,36.21142578125,98.0,36.21142578125,47,NPU:0
aten::div,4096.5,1773303881847700.740	,1773303881848617.100	,1773303881848615.170	,916.360	,914.430	,40.2119140625,98.0,40.2119140625,32.2421875,98.0,32.2421875,47,NPU:0
aten::mul,4096.5,1773303881847778.070	,1773303881847875.110	,1773303881847872.910	,97.040	,94.840	,36.21142578125,98.0,36.21142578125,36.21142578125,98.0,36.21142578125,47,NPU:0
aten::add,4096.5,1773303881847825.240	,1773303881852821.160	,1773303881852819.200	,4995.920	,4993.960	,40.2119140625,98.0,40.2119140625,32.1787109375,98.0,32.1787109375,47,NPU:0
aten::sum,32.5,1773303881848353.040	,1773303881850196.560	,1773303881850194.410	,1843.520	,1841.370	,32.21044921875,98.0,32.21044921875,20.17724609375,98.0,20.17724609375,47,NPU:0
aten::sum,1.5,1773303881848382.640	,1773303881848414.770	,1773303881848412.770	,32.130	,30.130	,32.2119140625,98.0,32.2119140625,32.21044921875,98.0,32.21044921875,47,NPU:0
aten::mul,4096.5,1773303881848470.650	,1773303881848601.080	,1773303881848599.560	,130.430	,128.910	,36.2109375,98.0,36.2109375,36.24267578125,98.0,36.24267578125,47,NPU:0
aten::mul,4096.5,1773303881848516.790	,1773303881848728.610	,1773303881848726.360	,211.820	,209.570	,40.21142578125,98.0,40.21142578125,32.2421875,98.0,32.2421875,47,NPU:0
aten::sum,32.5,1773303881848560.490	,1773303881849904.730	,1773303881849902.490	,1344.240	,1342.000	,40.2431640625,98.0,40.2431640625,20.208984375,98.0,20.208984375,47,NPU:0
aten::sum,1.5,1773303881848573.550	,1773303881848594.280	,1773303881848591.840	,20.730	,18.290	,40.24462890625,98.0,40.24462890625,40.2431640625,98.0,40.2431640625,47,NPU:0
aten::div,4096.5,1773303881848679.500	,1773303881848905.330	,1773303881848903.060	,225.830	,223.560	,36.24267578125,98.0,36.24267578125,32.2421875,98.0,32.2421875,47,NPU:0
aten::mul,4096.5,1773303881848834.400	,1773303881849032.360	,1773303881849030.110	,197.960	,195.710	,36.24267578125,98.0,36.24267578125,32.2421875,98.0,32.2421875,47,NPU:0
aten::mul,16385.5,1773303881848870.290	,1773303881848894.160	,1773303881848891.920	,23.870	,21.630	,52.244140625,98.0,52.244140625,36.24267578125,98.0,36.24267578125,47,NPU:0
aten::neg,4096.5,1773303881848972.910	,1773303881849122.370	,1773303881849120.310	,149.460	,147.400	,36.24267578125,98.0,36.24267578125,32.2421875,98.0,32.2421875,47,NPU:0
aten::threshold_backward,4096.5,1773303881849081.380	,1773303881849241.700	,1773303881849239.490	,160.320	,158.110	,36.24267578125,98.0,36.24267578125,28.24169921875,98.0,28.24169921875,47,NPU:0
aten::neg,4096.5,1773303881849176.050	,1773303881849356.000	,1773303881849354.120	,179.950	,178.070	,32.2421875,98.0,32.2421875,28.24169921875,98.0,28.24169921875,47,NPU:0
aten::threshold_backward,4096.5,1773303881849315.510	,1773303881849710.750	,1773303881849708.770	,395.240	,393.260	,32.2421875,98.0,32.2421875,24.27294921875,98.0,24.27294921875,47,NPU:0
aten::neg,4096.5,1773303881849424.730	,1773303881849589.860	,1773303881849588.070	,165.130	,163.340	,28.24169921875,98.0,28.24169921875,28.24169921875,98.0,28.24169921875,47,NPU:0
aten::div,4096.5,1773303881849469.040	,1773303881849584.900	,1773303881849583.460	,115.860	,114.420	,32.2421875,98.0,32.2421875,32.2421875,98.0,32.2421875,47,NPU:0
aten::div,4096.5,1773303881849517.790	,1773303881849580.210	,1773303881849577.700	,62.420	,59.910	,36.24267578125,98.0,36.24267578125,36.24267578125,98.0,36.24267578125,47,NPU:0
aten::mul,4096.5,1773303881849544.760	,1773303881849704.670	,1773303881849703.160	,159.910	,158.400	,40.2431640625,98.0,40.2431640625,28.2734375,98.0,28.2734375,47,NPU:0
aten::div,4096.5,1773303881849602.360	,1773303881850349.610	,1773303881850346.370	,747.250	,744.010	,32.2421875,98.0,32.2421875,16.1767578125,98.0,16.1767578125,47,NPU:0
aten::sum,32.5,1773303881849662.440	,1773303881849790.280	,1773303881849787.870	,127.840	,125.430	,32.27392578125,98.0,32.27392578125,20.208984375,98.0,20.208984375,47,NPU:0
aten::sum,1.5,1773303881849676.390	,1773303881849696.740	,1773303881849694.090	,20.350	,17.700	,32.275390625,98.0,32.275390625,32.27392578125,98.0,32.27392578125,47,NPU:0
aten::mul,32.5,1773303881849835.850	,1773303881850525.190	,1773303881850521.460	,689.340	,685.610	,20.24072265625,98.0,20.24072265625,16.1767578125,98.0,16.1767578125,47,NPU:0
aten::mul,129.5,1773303881849860.510	,1773303881849891.640	,1773303881849886.190	,31.130	,25.680	,20.3671875,98.0,20.3671875,20.24072265625,98.0,20.24072265625,47,NPU:0
aten::neg,4096.5,1773303881849949.440	,1773303881850066.460	,1773303881850064.650	,117.020	,115.210	,24.20947265625,98.0,24.20947265625,20.24072265625,98.0,20.24072265625,47,NPU:0
aten::sum,32.5,1773303881850022.380	,1773303881850111.880	,1773303881850109.650	,89.500	,87.270	,24.2412109375,98.0,24.2412109375,20.208984375,98.0,20.208984375,47,NPU:0
aten::sum,1.5,1773303881850038.360	,1773303881850058.960	,1773303881850056.970	,20.600	,18.610	,24.24267578125,98.0,24.24267578125,24.2412109375,98.0,24.2412109375,47,NPU:0
aten::empty,0.5,1773303881850416.640	,1773303881850511.790	,1773303881850509.110	,95.150	,92.470	,16.17724609375,98.0,16.17724609375,16.20849609375,98.0,16.20849609375,47,NPU:0
aten::where,32.5,1773303881850478.880	,1773303881850606.630	,1773303881850604.630	,127.750	,125.750	,16.208984375,98.0,16.208984375,16.12890625,98.0,16.12890625,47,NPU:0
aten::empty_strided,0.5,1773303881851018.590	,1773303881852792.020	,1773303881852790.380	,1773.430	,1771.790	,16.12939453125,98.0,16.12939453125,36.17919921875,98.0,36.17919921875,47,NPU:0
aten::gt,16.5,1773303881851156.540	,1773303881855066.770	,1773303881855065.000	,3910.230	,3908.460	,16.1455078125,98.0,16.1455078125,16.16064453125,98.0,16.16064453125,47,NPU:0
aten::gt,65.0,1773303881851176.900	,1773303881851205.980	,1773303881851204.160	,29.080	,27.260	,16.208984375,98.0,16.208984375,16.1455078125,98.0,16.1455078125,47,NPU:0
aten::where,32.5,1773303881851238.190	,1773303881852785.140	,1773303881852782.510	,1546.950	,1544.320	,16.17724609375,98.0,16.17724609375,36.1796875,98.0,36.1796875,47,NPU:0
aten::where,129.5,1773303881851255.810	,1773303881851279.350	,1773303881851277.850	,23.540	,22.040	,16.3037109375,98.0,16.3037109375,16.17724609375,98.0,16.17724609375,47,NPU:0
aten::sub,4096.5,1773303881851352.920	,1773303881854377.290	,1773303881854375.720	,3024.370	,3022.800	,20.177734375,98.0,20.177734375,20.24072265625,98.0,20.24072265625,47,NPU:0
aten::mul,32.5,1773303881851445.830	,1773303881854371.150	,1773303881854369.260	,2925.320	,2923.430	,20.20947265625,98.0,20.20947265625,24.2412109375,98.0,24.2412109375,47,NPU:0
aten::mul,129.5,1773303881851470.870	,1773303881851504.780	,1773303881851503.090	,33.910	,32.220	,20.3359375,98.0,20.3359375,20.20947265625,98.0,20.20947265625,47,NPU:0
aten::div,4096.5,1773303881851539.160	,1773303881851806.240	,1773303881851797.970	,267.080	,258.810	,24.2099609375,98.0,24.2099609375,28.21044921875,98.0,28.21044921875,47,NPU:0
aten::sub,4096.5,1773303881851607.790	,1773303881851719.730	,1773303881851717.460	,111.940	,109.670	,28.21044921875,98.0,28.21044921875,28.21044921875,98.0,28.21044921875,47,NPU:0
aten::relu,4096.5,1773303881851674.160	,1773303881854044.870	,1773303881854042.700	,2370.710	,2368.540	,32.2109375,98.0,32.2109375,24.2412109375,98.0,24.2412109375,47,NPU:0
aten::add,4096.5,1773303881851752.080	,1773303881852021.330	,1773303881852018.340	,269.250	,266.260	,32.2109375,98.0,32.2109375,32.2109375,98.0,32.2109375,47,NPU:0
aten::rsub,4096.5,1773303881851841.150	,1773303881851934.780	,1773303881851932.300	,93.630	,91.150	,32.2109375,98.0,32.2109375,32.2109375,98.0,32.2109375,47,NPU:0
aten::relu,4096.5,1773303881851892.510	,1773303881853885.440	,1773303881853883.270	,1992.930	,1990.760	,36.21142578125,98.0,36.21142578125,28.24169921875,98.0,28.24169921875,47,NPU:0
aten::rsub,4096.5,1773303881851974.270	,1773303881852114.190	,1773303881852112.510	,139.920	,138.240	,36.21142578125,98.0,36.21142578125,32.2109375,98.0,32.2109375,47,NPU:0
aten::mul,4096.5,1773303881852053.060	,1773303881852195.700	,1773303881852193.390	,142.640	,140.330	,36.21142578125,98.0,36.21142578125,32.2109375,98.0,32.2109375,47,NPU:0
aten::mul,16385.5,1773303881852074.580	,1773303881852098.750	,1773303881852096.660	,24.170	,22.080	,52.212890625,98.0,52.212890625,36.21142578125,98.0,36.21142578125,47,NPU:0
aten::sub,4096.5,1773303881852143.840	,1773303881852421.970	,1773303881852420.390	,278.130	,276.550	,36.21142578125,98.0,36.21142578125,32.2109375,98.0,32.2109375,47,NPU:0
aten::round,4096.5,1773303881852236.910	,1773303881852327.490	,1773303881852325.150	,90.580	,88.240	,36.21142578125,98.0,36.21142578125,36.21142578125,98.0,36.21142578125,47,NPU:0
aten::sub,4096.5,1773303881852290.040	,1773303881852414.420	,1773303881852412.110	,124.380	,122.070	,40.2119140625,98.0,40.2119140625,36.21142578125,98.0,36.21142578125,47,NPU:0
aten::add,4096.5,1773303881852378.020	,1773303881852583.840	,1773303881852581.850	,205.820	,203.830	,40.2119140625,98.0,40.2119140625,32.2109375,98.0,32.2109375,47,NPU:0
aten::add,4096.5,1773303881852456.960	,1773303881852574.890	,1773303881852570.650	,117.930	,113.690	,36.21142578125,98.0,36.21142578125,36.21142578125,98.0,36.21142578125,47,NPU:0
aten::div,4096.5,1773303881852524.040	,1773303881853454.320	,1773303881853452.220	,930.280	,928.180	,40.2119140625,98.0,40.2119140625,32.2421875,98.0,32.2421875,47,NPU:0
aten::mul,4096.5,1773303881852621.430	,1773303881852728.810	,1773303881852726.190	,107.380	,104.760	,36.21142578125,98.0,36.21142578125,36.21142578125,98.0,36.21142578125,47,NPU:0
aten::add,4096.5,1773303881852689.680	,1773303881857183.170	,1773303881857181.360	,4493.490	,4491.680	,40.2119140625,98.0,40.2119140625,32.1787109375,98.0,32.1787109375,47,NPU:0
aten::sum,32.5,1773303881853172.740	,1773303881854760.250	,1773303881854758.110	,1587.510	,1585.370	,32.21044921875,98.0,32.21044921875,20.17724609375,98.0,20.17724609375,47,NPU:0
aten::sum,1.5,1773303881853217.530	,1773303881853247.830	,1773303881853246.100	,30.300	,28.570	,32.2119140625,98.0,32.2119140625,32.21044921875,98.0,32.21044921875,47,NPU:0
aten::mul,4096.5,1773303881853306.540	,1773303881853437.260	,1773303881853435.500	,130.720	,128.960	,36.2109375,98.0,36.2109375,36.24267578125,98.0,36.24267578125,47,NPU:0
aten::mul,4096.5,1773303881853355.470	,1773303881853548.660	,1773303881853544.260	,193.190	,188.790	,40.21142578125,98.0,40.21142578125,32.2421875,98.0,32.2421875,47,NPU:0
aten::sum,32.5,1773303881853394.860	,1773303881854524.880	,1773303881854522.810	,1130.020	,1127.950	,40.2431640625,98.0,40.2431640625,20.208984375,98.0,20.208984375,47,NPU:0
aten::sum,1.5,1773303881853407.870	,1773303881853430.360	,1773303881853428.480	,22.490	,20.610	,40.24462890625,98.0,40.24462890625,40.2431640625,98.0,40.2431640625,47,NPU:0
aten::div,4096.5,1773303881853498.850	,1773303881853726.630	,1773303881853724.300	,227.780	,225.450	,36.24267578125,98.0,36.24267578125,32.2421875,98.0,32.2421875,47,NPU:0
aten::mul,4096.5,1773303881853660.800	,1773303881853802.190	,1773303881853799.960	,141.390	,139.160	,36.24267578125,98.0,36.24267578125,32.2421875,98.0,32.2421875,47,NPU:0
aten::mul,16385.5,1773303881853685.800	,1773303881853715.920	,1773303881853714.120	,30.120	,28.320	,52.244140625,98.0,52.244140625,36.24267578125,98.0,36.24267578125,47,NPU:0
aten::neg,4096.5,1773303881853765.460	,1773303881853879.160	,1773303881853877.030	,113.700	,111.570	,36.24267578125,98.0,36.24267578125,32.2421875,98.0,32.2421875,47,NPU:0
aten::threshold_backward,4096.5,1773303881853840.970	,1773303881853950.880	,1773303881853948.870	,109.910	,107.900	,36.24267578125,98.0,36.24267578125,28.24169921875,98.0,28.24169921875,47,NPU:0
aten::neg,4096.5,1773303881853916.940	,1773303881854038.950	,1773303881854036.780	,122.010	,119.840	,32.2421875,98.0,32.2421875,28.24169921875,98.0,28.24169921875,47,NPU:0
aten::threshold_backward,4096.5,1773303881854001.860	,1773303881854357.800	,1773303881854356.390	,355.940	,354.530	,32.2421875,98.0,32.2421875,24.27294921875,98.0,24.27294921875,47,NPU:0
aten::neg,4096.5,1773303881854094.390	,1773303881854255.640	,1773303881854251.510	,161.250	,157.120	,28.24169921875,98.0,28.24169921875,28.24169921875,98.0,28.24169921875,47,NPU:0
aten::div,4096.5,1773303881854134.290	,1773303881854248.140	,1773303881854246.600	,113.850	,112.310	,32.2421875,98.0,32.2421875,32.2421875,98.0,32.2421875,47,NPU:0
aten::div,4096.5,1773303881854169.990	,1773303881854243.550	,1773303881854240.920	,73.560	,70.930	,36.24267578125,98.0,36.24267578125,36.24267578125,98.0,36.24267578125,47,NPU:0
aten::mul,4096.5,1773303881854203.520	,1773303881854352.550	,1773303881854350.550	,149.030	,147.030	,40.2431640625,98.0,40.2431640625,28.2734375,98.0,28.2734375,47,NPU:0
aten::div,4096.5,1773303881854270.850	,1773303881854864.890	,1773303881854862.620	,594.040	,591.770	,32.2421875,98.0,32.2421875,16.1767578125,98.0,16.1767578125,47,NPU:0
aten::sum,32.5,1773303881854312.800	,1773303881854421.160	,1773303881854419.100	,108.360	,106.300	,32.27392578125,98.0,32.27392578125,20.208984375,98.0,20.208984375,47,NPU:0
aten::sum,1.5,1773303881854326.680	,1773303881854345.630	,1773303881854343.350	,18.950	,16.670	,32.275390625,98.0,32.275390625,32.27392578125,98.0,32.27392578125,47,NPU:0
aten::mul,32.5,1773303881854466.890	,1773303881855052.740	,1773303881855050.750	,585.850	,583.860	,20.24072265625,98.0,20.24072265625,16.1767578125,98.0,16.1767578125,47,NPU:0
aten::mul,129.5,1773303881854490.860	,1773303881854513.340	,1773303881854509.230	,22.480	,18.370	,20.3671875,98.0,20.3671875,20.24072265625,98.0,20.24072265625,47,NPU:0
aten::neg,4096.5,1773303881854565.500	,1773303881854649.130	,1773303881854647.170	,83.630	,81.670	,24.20947265625,98.0,24.20947265625,20.24072265625,98.0,20.24072265625,47,NPU:0
aten::sum,32.5,1773303881854609.360	,1773303881854696.640	,1773303881854694.540	,87.280	,85.180	,24.2412109375,98.0,24.2412109375,20.208984375,98.0,20.208984375,47,NPU:0
aten::sum,1.5,1773303881854622.550	,1773303881854641.980	,1773303881854639.820	,19.430	,17.270	,24.24267578125,98.0,24.24267578125,24.2412109375,98.0,24.2412109375,47,NPU:0
aten::empty,0.5,1773303881854925.240	,1773303881855041.460	,1773303881855039.120	,116.220	,113.880	,16.17724609375,98.0,16.17724609375,16.20849609375,98.0,16.20849609375,47,NPU:0
aten::where,32.5,1773303881855005.580	,1773303881855139.620	,1773303881855137.540	,134.040	,131.960	,16.208984375,98.0,16.208984375,16.12890625,98.0,16.12890625,47,NPU:0
aten::empty_strided,0.5,1773303881855543.290	,1773303881857157.210	,1773303881857155.580	,1613.920	,1612.290	,16.12939453125,98.0,16.12939453125,36.17919921875,98.0,36.17919921875,47,NPU:0
aten::gt,16.5,1773303881855669.970	,1773303881859593.010	,1773303881859591.150	,3923.040	,3921.180	,16.1455078125,98.0,16.1455078125,16.16064453125,98.0,16.16064453125,47,NPU:0
aten::gt,65.0,1773303881855690.960	,1773303881855718.400	,1773303881855716.610	,27.440	,25.650	,16.208984375,98.0,16.208984375,16.1455078125,98.0,16.1455078125,47,NPU:0
aten::where,32.5,1773303881855752.190	,1773303881857150.590	,1773303881857148.310	,1398.400	,1396.120	,16.17724609375,98.0,16.17724609375,36.1796875,98.0,36.1796875,47,NPU:0
aten::where,129.5,1773303881855768.610	,1773303881855790.030	,1773303881855788.430	,21.420	,19.820	,16.3037109375,98.0,16.3037109375,16.17724609375,98.0,16.17724609375,47,NPU:0
aten::sub,4096.5,1773303881855857.360	,1773303881858879.530	,1773303881858876.740	,3022.170	,3019.380	,20.177734375,98.0,20.177734375,20.24072265625,98.0,20.24072265625,47,NPU:0
aten::mul,32.5,1773303881855939.080	,1773303881858871.740	,1773303881858869.790	,2932.660	,2930.710	,20.20947265625,98.0,20.20947265625,24.2412109375,98.0,24.2412109375,47,NPU:0
aten::mul,129.5,1773303881855961.070	,1773303881855983.810	,1773303881855981.600	,22.740	,20.530	,20.3359375,98.0,20.3359375,20.20947265625,98.0,20.20947265625,47,NPU:0
aten::div,4096.5,1773303881856014.280	,1773303881856280.750	,1773303881856278.700	,266.470	,264.420	,24.2099609375,98.0,24.2099609375,28.21044921875,98.0,28.21044921875,47,NPU:0
aten::sub,4096.5,1773303881856066.850	,1773303881856172.210	,1773303881856169.330	,105.360	,102.480	,28.21044921875,98.0,28.21044921875,28.21044921875,98.0,28.21044921875,47,NPU:0
aten::relu,4096.5,1773303881856127.050	,1773303881858492.480	,1773303881858490.840	,2365.430	,2363.790	,32.2109375,98.0,32.2109375,24.2412109375,98.0,24.2412109375,47,NPU:0
aten::add,4096.5,1773303881856221.820	,1773303881856488.220	,1773303881856485.350	,266.400	,263.530	,32.2109375,98.0,32.2109375,32.2109375,98.0,32.2109375,47,NPU:0
aten::rsub,4096.5,1773303881856316.280	,1773303881856417.750	,1773303881856415.280	,101.470	,99.000	,32.2109375,98.0,32.2109375,32.2109375,98.0,32.2109375,47,NPU:0
aten::relu,4096.5,1773303881856368.430	,1773303881858306.200	,1773303881858304.030	,1937.770	,1935.600	,36.21142578125,98.0,36.21142578125,28.24169921875,98.0,28.24169921875,47,NPU:0
aten::rsub,4096.5,1773303881856447.150	,1773303881856577.110	,1773303881856574.980	,129.960	,127.830	,36.21142578125,98.0,36.21142578125,32.2109375,98.0,32.2109375,47,NPU:0
aten::mul,4096.5,1773303881856520.050	,1773303881856650.420	,1773303881856648.080	,130.370	,128.030	,36.21142578125,98.0,36.21142578125,32.2109375,98.0,32.2109375,47,NPU:0
aten::mul,16385.5,1773303881856541.190	,1773303881856561.790	,1773303881856559.760	,20.600	,18.570	,52.212890625,98.0,52.212890625,36.21142578125,98.0,36.21142578125,47,NPU:0
aten::sub,4096.5,1773303881856605.100	,1773303881856835.220	,1773303881856833.220	,230.120	,228.120	,36.21142578125,98.0,36.21142578125,32.2109375,98.0,32.2109375,47,NPU:0
aten::round,4096.5,1773303881856669.780	,1773303881856751.390	,1773303881856749.050	,81.610	,79.270	,36.21142578125,98.0,36.21142578125,36.21142578125,98.0,36.21142578125,47,NPU:0
aten::sub,4096.5,1773303881856715.650	,1773303881856827.760	,1773303881856825.410	,112.110	,109.760	,40.2119140625,98.0,40.2119140625,36.21142578125,98.0,36.21142578125,47,NPU:0
aten::add,4096.5,1773303881856789.870	,1773303881856992.240	,1773303881856990.150	,202.370	,200.280	,40.2119140625,98.0,40.2119140625,32.2109375,98.0,32.2109375,47,NPU:0
aten::add,4096.5,1773303881856862.380	,1773303881856984.380	,1773303881856981.440	,122.000	,119.060	,36.21142578125,98.0,36.21142578125,36.21142578125,98.0,36.21142578125,47,NPU:0
aten::div,4096.5,1773303881856926.750	,1773303881857840.970	,1773303881857838.990	,914.220	,912.240	,40.2119140625,98.0,40.2119140625,32.2421875,98.0,32.2421875,47,NPU:0
aten::mul,4096.5,1773303881857014.060	,1773303881857096.280	,1773303881857094.020	,82.220	,79.960	,36.21142578125,98.0,36.21142578125,36.21142578125,98.0,36.21142578125,47,NPU:0
aten::add,4096.5,1773303881857061.660	,1773303881861803.560	,1773303881861801.730	,4741.900	,4740.070	,40.2119140625,98.0,40.2119140625,32.1787109375,98.0,32.1787109375,47,NPU:0
aten::sum,32.5,1773303881857583.130	,1773303881859300.780	,1773303881859298.240	,1717.650	,1715.110	,32.21044921875,98.0,32.21044921875,20.17724609375,98.0,20.17724609375,47,NPU:0
aten::sum,1.5,1773303881857610.510	,1773303881857640.970	,1773303881857639.430	,30.460	,28.920	,32.2119140625,98.0,32.2119140625,32.21044921875,98.0,32.21044921875,47,NPU:0
aten::mul,4096.5,1773303881857702.190	,1773303881857824.550	,1773303881857822.900	,122.360	,120.710	,36.2109375,98.0,36.2109375,36.24267578125,98.0,36.24267578125,47,NPU:0
aten::mul,4096.5,1773303881857749.690	,1773303881857955.090	,1773303881857952.940	,205.400	,203.250	,40.21142578125,98.0,40.21142578125,32.2421875,98.0,32.2421875,47,NPU:0
aten::sum,32.5,1773303881857783.480	,1773303881859045.650	,1773303881859043.470	,1262.170	,1259.990	,40.2431640625,98.0,40.2431640625,20.208984375,98.0,20.208984375,47,NPU:0
aten::sum,1.5,1773303881857795.930	,1773303881857818.340	,1773303881857816.740	,22.410	,20.810	,40.24462890625,98.0,40.24462890625,40.2431640625,98.0,40.2431640625,47,NPU:0
aten::div,4096.5,1773303881857902.740	,1773303881858127.940	,1773303881858125.630	,225.200	,222.890	,36.24267578125,98.0,36.24267578125,32.2421875,98.0,32.2421875,47,NPU:0
aten::mul,4096.5,1773303881858059.380	,1773303881858207.480	,1773303881858205.210	,148.100	,145.830	,36.24267578125,98.0,36.24267578125,32.2421875,98.0,32.2421875,47,NPU:0
aten::mul,16385.5,1773303881858083.260	,1773303881858116.790	,1773303881858114.940	,33.530	,31.680	,52.244140625,98.0,52.244140625,36.24267578125,98.0,36.24267578125,47,NPU:0
aten::neg,4096.5,1773303881858169.280	,1773303881858300.210	,1773303881858297.950	,130.930	,128.670	,36.24267578125,98.0,36.24267578125,32.2421875,98.0,32.2421875,47,NPU:0
aten::threshold_backward,4096.5,1773303881858260.380	,1773303881858374.820	,1773303881858372.490	,114.440	,112.110	,36.24267578125,98.0,36.24267578125,28.24169921875,98.0,28.24169921875,47,NPU:0
aten::neg,4096.5,1773303881858339.500	,1773303881858484.430	,1773303881858482.680	,144.930	,143.180	,32.2421875,98.0,32.2421875,28.24169921875,98.0,28.24169921875,47,NPU:0
aten::threshold_backward,4096.5,1773303881858444.100	,1773303881858857.970	,1773303881858856.170	,413.870	,412.070	,32.2421875,98.0,32.2421875,24.27294921875,98.0,24.27294921875,47,NPU:0
aten::neg,4096.5,1773303881858556.170	,1773303881858724.740	,1773303881858722.850	,168.570	,166.680	,28.24169921875,98.0,28.24169921875,28.24169921875,98.0,28.24169921875,47,NPU:0
aten::div,4096.5,1773303881858600.000	,1773303881858719.120	,1773303881858717.530	,119.120	,117.530	,32.2421875,98.0,32.2421875,32.2421875,98.0,32.2421875,47,NPU:0
aten::div,4096.5,1773303881858634.960	,1773303881858714.250	,1773303881858711.790	,79.290	,76.830	,36.24267578125,98.0,36.24267578125,36.24267578125,98.0,36.24267578125,47,NPU:0
aten::mul,4096.5,1773303881858685.450	,1773303881858849.200	,1773303881858846.620	,163.750	,161.170	,40.2431640625,98.0,40.2431640625,28.2734375,98.0,28.2734375,47,NPU:0
aten::div,4096.5,1773303881858740.680	,1773303881859411.710	,1773303881859408.740	,671.030	,668.060	,32.2421875,98.0,32.2421875,16.1767578125,98.0,16.1767578125,47,NPU:0
aten::sum,32.5,1773303881858794.360	,1773303881858934.800	,1773303881858927.490	,140.440	,133.130	,32.27392578125,98.0,32.27392578125,20.208984375,98.0,20.208984375,47,NPU:0
aten::sum,1.5,1773303881858809.550	,1773303881858832.400	,1773303881858829.670	,22.850	,20.120	,32.275390625,98.0,32.275390625,32.27392578125,98.0,32.27392578125,47,NPU:0
aten::mul,32.5,1773303881858984.960	,1773303881859579.760	,1773303881859577.660	,594.800	,592.700	,20.24072265625,98.0,20.24072265625,16.1767578125,98.0,16.1767578125,47,NPU:0
aten::mul,129.5,1773303881859011.380	,1773303881859033.800	,1773303881859031.350	,22.420	,19.970	,20.3671875,98.0,20.3671875,20.24072265625,98.0,20.24072265625,47,NPU:0
aten::neg,4096.5,1773303881859090.240	,1773303881859177.440	,1773303881859175.750	,87.200	,85.510	,24.20947265625,98.0,24.20947265625,20.24072265625,98.0,20.24072265625,47,NPU:0
aten::sum,32.5,1773303881859137.750	,1773303881859232.890	,1773303881859230.540	,95.140	,92.790	,24.2412109375,98.0,24.2412109375,20.208984375,98.0,20.208984375,47,NPU:0
aten::sum,1.5,1773303881859151.840	,1773303881859170.720	,1773303881859168.570	,18.880	,16.730	,24.24267578125,98.0,24.24267578125,24.2412109375,98.0,24.2412109375,47,NPU:0
aten::empty,0.5,1773303881859476.080	,1773303881859568.250	,1773303881859566.210	,92.170	,90.130	,16.17724609375,98.0,16.17724609375,16.20849609375,98.0,16.20849609375,47,NPU:0
aten::where,32.5,1773303881859535.230	,1773303881859661.670	,1773303881859659.440	,126.440	,124.210	,16.208984375,98.0,16.208984375,16.12890625,98.0,16.12890625,47,NPU:0
aten::empty_strided,0.5,1773303881860102.420	,1773303881861776.420	,1773303881861774.990	,1674.000	,1672.570	,16.12939453125,98.0,16.12939453125,36.17919921875,98.0,36.17919921875,47,NPU:0
aten::gt,16.5,1773303881860239.570	,1773303881864071.630	,1773303881864070.230	,3832.060	,3830.660	,16.1455078125,98.0,16.1455078125,16.16064453125,98.0,16.16064453125,47,NPU:0
aten::gt,65.0,1773303881860261.330	,1773303881860288.970	,1773303881860287.380	,27.640	,26.050	,16.208984375,98.0,16.208984375,16.1455078125,98.0,16.1455078125,47,NPU:0
aten::where,32.5,1773303881860323.660	,1773303881861769.850	,1773303881861767.600	,1446.190	,1443.940	,16.17724609375,98.0,16.17724609375,36.1796875,98.0,36.1796875,47,NPU:0
aten::where,129.5,1773303881860340.360	,1773303881860378.680	,1773303881860377.140	,38.320	,36.780	,16.3037109375,98.0,16.3037109375,16.17724609375,98.0,16.17724609375,47,NPU:0
aten::sub,4096.5,1773303881860448.320	,1773303881863398.040	,1773303881863396.690	,2949.720	,2948.370	,20.177734375,98.0,20.177734375,20.24072265625,98.0,20.24072265625,47,NPU:0
aten::mul,32.5,1773303881860517.470	,1773303881863391.590	,1773303881863389.450	,2874.120	,2871.980	,20.20947265625,98.0,20.20947265625,24.2412109375,98.0,24.2412109375,47,NPU:0
aten::mul,129.5,1773303881860540.230	,1773303881860563.240	,1773303881860561.740	,23.010	,21.510	,20.3359375,98.0,20.3359375,20.20947265625,98.0,20.20947265625,47,NPU:0
aten::div,4096.5,1773303881860593.220	,1773303881860865.890	,1773303881860863.900	,272.670	,270.680	,24.2099609375,98.0,24.2099609375,28.21044921875,98.0,28.21044921875,47,NPU:0
aten::sub,4096.5,1773303881860673.730	,1773303881860786.510	,1773303881860783.800	,112.780	,110.070	,28.21044921875,98.0,28.21044921875,28.21044921875,98.0,28.21044921875,47,NPU:0
aten::relu,4096.5,1773303881860740.760	,1773303881863049.730	,1773303881863047.710	,2308.970	,2306.950	,32.2109375,98.0,32.2109375,24.2412109375,98.0,24.2412109375,47,NPU:0
aten::add,4096.5,1773303881860818.940	,1773303881861078.640	,1773303881861075.950	,259.700	,257.010	,32.2109375,98.0,32.2109375,32.2109375,98.0,32.2109375,47,NPU:0
aten::rsub,4096.5,1773303881860900.180	,1773303881861007.130	,1773303881861005.030	,106.950	,104.850	,32.2109375,98.0,32.2109375,32.2109375,98.0,32.2109375,47,NPU:0
aten::relu,4096.5,1773303881860950.880	,1773303881862861.200	,1773303881862859.270	,1910.320	,1908.390	,36.21142578125,98.0,36.21142578125,28.24169921875,98.0,28.24169921875,47,NPU:0
aten::rsub,4096.5,1773303881861036.910	,1773303881861168.790	,1773303881861166.830	,131.880	,129.920	,36.21142578125,98.0,36.21142578125,32.2109375,98.0,32.2109375,47,NPU:0
aten::mul,4096.5,1773303881861111.110	,1773303881861269.370	,1773303881861266.470	,158.260	,155.360	,36.21142578125,98.0,36.21142578125,32.2109375,98.0,32.2109375,47,NPU:0
aten::mul,16385.5,1773303881861133.030	,1773303881861154.410	,1773303881861151.950	,21.380	,18.920	,52.212890625,98.0,52.212890625,36.21142578125,98.0,36.21142578125,47,NPU:0
aten::sub,4096.5,1773303881861221.000	,1773303881861454.700	,1773303881861452.710	,233.700	,231.710	,36.21142578125,98.0,36.21142578125,32.2109375,98.0,32.2109375,47,NPU:0
aten::round,4096.5,1773303881861289.490	,1773303881861370.650	,1773303881861368.240	,81.160	,78.750	,36.21142578125,98.0,36.21142578125,36.21142578125,98.0,36.21142578125,47,NPU:0
aten::sub,4096.5,1773303881861335.140	,1773303881861446.970	,1773303881861444.780	,111.830	,109.640	,40.2119140625,98.0,40.2119140625,36.21142578125,98.0,36.21142578125,47,NPU:0
aten::add,4096.5,1773303881861410.290	,1773303881861612.760	,1773303881861610.890	,202.470	,200.600	,40.2119140625,98.0,40.2119140625,32.2109375,98.0,32.2109375,47,NPU:0
aten::add,4096.5,1773303881861481.850	,1773303881861605.210	,1773303881861602.470	,123.360	,120.620	,36.21142578125,98.0,36.21142578125,36.21142578125,98.0,36.21142578125,47,NPU:0
aten::div,4096.5,1773303881861560.490	,1773303881862405.860	,1773303881862403.900	,845.370	,843.410	,40.2119140625,98.0,40.2119140625,32.2421875,98.0,32.2421875,47,NPU:0
aten::mul,4096.5,1773303881861634.140	,1773303881861715.950	,1773303881861713.720	,81.810	,79.580	,36.21142578125,98.0,36.21142578125,36.21142578125,98.0,36.21142578125,47,NPU:0
aten::add,4096.5,1773303881861680.710	,1773303881866231.620	,1773303881866229.770	,4550.910	,4549.060	,40.2119140625,98.0,40.2119140625,32.1787109375,98.0,32.1787109375,47,NPU:0
aten::sum,32.5,1773303881862137.920	,1773303881863811.520	,1773303881863809.220	,1673.600	,1671.300	,32.21044921875,98.0,32.21044921875,20.17724609375,98.0,20.17724609375,47,NPU:0
aten::sum,1.5,1773303881862182.670	,1773303881862211.970	,1773303881862210.370	,29.300	,27.700	,32.2119140625,98.0,32.2119140625,32.21044921875,98.0,32.21044921875,47,NPU:0
aten::mul,4096.5,1773303881862269.940	,1773303881862389.140	,1773303881862387.580	,119.200	,117.640	,36.2109375,98.0,36.2109375,36.24267578125,98.0,36.24267578125,47,NPU:0
aten::mul,4096.5,1773303881862315.520	,1773303881862509.200	,1773303881862506.950	,193.680	,191.430	,40.21142578125,98.0,40.21142578125,32.2421875,98.0,32.2421875,47,NPU:0
aten::sum,32.5,1773303881862349.620	,1773303881863549.550	,1773303881863547.640	,1199.930	,1198.020	,40.2431640625,98.0,40.2431640625,20.208984375,98.0,20.208984375,47,NPU:0
aten::sum,1.5,1773303881862362.820	,1773303881862382.070	,1773303881862380.000	,19.250	,17.180	,40.24462890625,98.0,40.24462890625,40.2431640625,98.0,40.2431640625,47,NPU:0
aten::div,4096.5,1773303881862450.970	,1773303881862669.800	,1773303881862667.560	,218.830	,216.590	,36.24267578125,98.0,36.24267578125,32.2421875,98.0,32.2421875,47,NPU:0
aten::mul,4096.5,1773303881862598.930	,1773303881862749.730	,1773303881862747.130	,150.800	,148.200	,36.24267578125,98.0,36.24267578125,32.2421875,98.0,32.2421875,47,NPU:0
aten::mul,16385.5,1773303881862636.990	,1773303881862658.310	,1773303881862656.430	,21.320	,19.440	,52.244140625,98.0,52.244140625,36.24267578125,98.0,36.24267578125,47,NPU:0
aten::neg,4096.5,1773303881862713.050	,1773303881862853.790	,1773303881862851.650	,140.740	,138.600	,36.24267578125,98.0,36.24267578125,32.2421875,98.0,32.2421875,47,NPU:0
aten::threshold_backward,4096.5,1773303881862812.760	,1773303881862935.060	,1773303881862932.910	,122.300	,120.150	,36.24267578125,98.0,36.24267578125,28.24169921875,98.0,28.24169921875,47,NPU:0
aten::neg,4096.5,1773303881862899.230	,1773303881863043.440	,1773303881863041.210	,144.210	,141.980	,32.2421875,98.0,32.2421875,28.24169921875,98.0,28.24169921875,47,NPU:0
aten::threshold_backward,4096.5,1773303881863002.060	,1773303881863378.030	,1773303881863376.230	,375.970	,374.170	,32.2421875,98.0,32.2421875,24.27294921875,98.0,24.27294921875,47,NPU:0
aten::neg,4096.5,1773303881863104.300	,1773303881863274.820	,1773303881863272.930	,170.520	,168.630	,28.24169921875,98.0,28.24169921875,28.24169921875,98.0,28.24169921875,47,NPU:0
aten::div,4096.5,1773303881863147.530	,1773303881863269.530	,1773303881863267.930	,122.000	,120.400	,32.2421875,98.0,32.2421875,32.2421875,98.0,32.2421875,47,NPU:0
aten::div,4096.5,1773303881863199.990	,1773303881863264.550	,1773303881863262.080	,64.560	,62.090	,36.24267578125,98.0,36.24267578125,36.24267578125,98.0,36.24267578125,47,NPU:0
aten::mul,4096.5,1773303881863236.390	,1773303881863370.970	,1773303881863369.330	,134.580	,132.940	,40.2431640625,98.0,40.2431640625,28.2734375,98.0,28.2734375,47,NPU:0
aten::div,4096.5,1773303881863288.070	,1773303881863916.250	,1773303881863914.360	,628.180	,626.290	,32.2421875,98.0,32.2421875,16.1767578125,98.0,16.1767578125,47,NPU:0
aten::sum,32.5,1773303881863330.330	,1773303881863445.470	,1773303881863443.150	,115.140	,112.820	,32.27392578125,98.0,32.27392578125,20.208984375,98.0,20.208984375,47,NPU:0
aten::sum,1.5,1773303881863343.090	,1773303881863362.860	,1773303881863360.330	,19.770	,17.240	,32.275390625,98.0,32.275390625,32.27392578125,98.0,32.27392578125,47,NPU:0
aten::mul,32.5,1773303881863494.360	,1773303881864059.190	,1773303881864057.360	,564.830	,563.000	,20.24072265625,98.0,20.24072265625,16.1767578125,98.0,16.1767578125,47,NPU:0
aten::mul,129.5,1773303881863516.460	,1773303881863536.430	,1773303881863534.410	,19.970	,17.950	,20.3671875,98.0,20.3671875,20.24072265625,98.0,20.24072265625,47,NPU:0
aten::neg,4096.5,1773303881863594.960	,1773303881863697.860	,1773303881863694.980	,102.900	,100.020	,24.20947265625,98.0,24.20947265625,20.24072265625,98.0,20.24072265625,47,NPU:0
aten::sum,32.5,1773303881863645.430	,1773303881863741.960	,1773303881863739.530	,96.530	,94.100	,24.2412109375,98.0,24.2412109375,20.208984375,98.0,20.208984375,47,NPU:0
aten::sum,1.5,1773303881863658.600	,1773303881863689.580	,1773303881863687.700	,30.980	,29.100	,24.24267578125,98.0,24.24267578125,24.2412109375,98.0,24.2412109375,47,NPU:0
aten::empty,0.5,1773303881863963.980	,1773303881864048.650	,1773303881864046.180	,84.670	,82.200	,16.17724609375,98.0,16.17724609375,16.20849609375,98.0,16.20849609375,47,NPU:0
aten::where,32.5,1773303881864018.270	,1773303881864137.470	,1773303881864135.310	,119.200	,117.040	,16.208984375,98.0,16.208984375,16.12890625,98.0,16.12890625,47,NPU:0
aten::empty_strided,0.5,1773303881864525.840	,1773303881866205.330	,1773303881866203.920	,1679.490	,1678.080	,16.12939453125,98.0,16.12939453125,36.17919921875,98.0,36.17919921875,47,NPU:0
aten::gt,16.5,1773303881864649.780	,1773303881868445.130	,1773303881868443.740	,3795.350	,3793.960	,16.1455078125,98.0,16.1455078125,16.16064453125,98.0,16.16064453125,47,NPU:0
aten::gt,65.0,1773303881864670.120	,1773303881864706.950	,1773303881864705.030	,36.830	,34.910	,16.208984375,98.0,16.208984375,16.1455078125,98.0,16.1455078125,47,NPU:0
aten::where,32.5,1773303881864740.250	,1773303881866198.880	,1773303881866196.560	,1458.630	,1456.310	,16.17724609375,98.0,16.17724609375,36.1796875,98.0,36.1796875,47,NPU:0
aten::where,129.5,1773303881864757.340	,1773303881864778.910	,1773303881864777.090	,21.570	,19.750	,16.3037109375,98.0,16.3037109375,16.17724609375,98.0,16.17724609375,47,NPU:0
aten::sub,4096.5,1773303881864847.020	,1773303881867763.570	,1773303881867762.110	,2916.550	,2915.090	,20.177734375,98.0,20.177734375,20.24072265625,98.0,20.24072265625,47,NPU:0
aten::mul,32.5,1773303881864914.080	,1773303881867757.000	,1773303881867754.790	,2842.920	,2840.710	,20.20947265625,98.0,20.20947265625,24.2412109375,98.0,24.2412109375,47,NPU:0
aten::mul,129.5,1773303881864938.120	,1773303881864958.340	,1773303881864956.560	,20.220	,18.440	,20.3359375,98.0,20.3359375,20.20947265625,98.0,20.20947265625,47,NPU:0
aten::div,4096.5,1773303881864988.940	,1773303881865261.870	,1773303881865259.670	,272.930	,270.730	,24.2099609375,98.0,24.2099609375,28.21044921875,98.0,28.21044921875,47,NPU:0
aten::sub,4096.5,1773303881865050.740	,1773303881865155.790	,1773303881865153.640	,105.050	,102.900	,28.21044921875,98.0,28.21044921875,28.21044921875,98.0,28.21044921875,47,NPU:0
aten::relu,4096.5,1773303881865110.270	,1773303881867439.090	,1773303881867436.530	,2328.820	,2326.260	,32.2109375,98.0,32.2109375,24.2412109375,98.0,24.2412109375,47,NPU:0
aten::add,4096.5,1773303881865207.170	,1773303881865494.730	,1773303881865491.780	,287.560	,284.610	,32.2109375,98.0,32.2109375,32.2109375,98.0,32.2109375,47,NPU:0
aten::rsub,4096.5,1773303881865294.760	,1773303881865421.980	,1773303881865419.790	,127.220	,125.030	,32.2109375,98.0,32.2109375,32.2109375,98.0,32.2109375,47,NPU:0
aten::relu,4096.5,1773303881865378.710	,1773303881867276.410	,1773303881867274.910	,1897.700	,1896.200	,36.21142578125,98.0,36.21142578125,28.24169921875,98.0,28.24169921875,47,NPU:0
aten::rsub,4096.5,1773303881865452.780	,1773303881865587.200	,1773303881865585.180	,134.420	,132.400	,36.21142578125,98.0,36.21142578125,32.2109375,98.0,32.2109375,47,NPU:0
aten::mul,4096.5,1773303881865526.920	,1773303881865663.780	,1773303881865659.680	,136.860	,132.760	,36.21142578125,98.0,36.21142578125,32.2109375,98.0,32.2109375,47,NPU:0
aten::mul,16385.5,1773303881865548.510	,1773303881865572.240	,1773303881865569.580	,23.730	,21.070	,52.212890625,98.0,52.212890625,36.21142578125,98.0,36.21142578125,47,NPU:0
aten::sub,4096.5,1773303881865615.810	,1773303881865892.170	,1773303881865890.150	,276.360	,274.340	,36.21142578125,98.0,36.21142578125,32.2109375,98.0,32.2109375,47,NPU:0
aten::round,4096.5,1773303881865683.590	,1773303881865777.460	,1773303881865774.660	,93.870	,91.070	,36.21142578125,98.0,36.21142578125,36.21142578125,98.0,36.21142578125,47,NPU:0
aten::sub,4096.5,1773303881865732.070	,1773303881865884.140	,1773303881865880.030	,152.070	,147.960	,40.2119140625,98.0,40.2119140625,36.21142578125,98.0,36.21142578125,47,NPU:0
aten::add,4096.5,1773303881865830.990	,1773303881866040.710	,1773303881866038.960	,209.720	,207.970	,40.2119140625,98.0,40.2119140625,32.2109375,98.0,32.2109375,47,NPU:0
aten::add,4096.5,1773303881865923.680	,1773303881866032.290	,1773303881866029.940	,108.610	,106.260	,36.21142578125,98.0,36.21142578125,36.21142578125,98.0,36.21142578125,47,NPU:0
aten::div,4096.5,1773303881865990.170	,1773303881866846.560	,1773303881866844.740	,856.390	,854.570	,40.2119140625,98.0,40.2119140625,32.2421875,98.0,32.2421875,47,NPU:0
aten::mul,4096.5,1773303881866063.240	,1773303881866144.360	,1773303881866142.110	,81.120	,78.870	,36.21142578125,98.0,36.21142578125,36.21142578125,98.0,36.21142578125,47,NPU:0
aten::add,4096.5,1773303881866109.860	,,,,,40.2119140625,98.0,40.2119140625,,,,47,NPU:0
aten::sum,32.5,1773303881866564.980	,1773303881868151.770	,1773303881868149.430	,1586.790	,1584.450	,32.21044921875,98.0,32.21044921875,20.17724609375,98.0,20.17724609375,47,NPU:0
aten::sum,1.5,1773303881866590.290	,1773303881866619.620	,1773303881866618.080	,29.330	,27.790	,32.2119140625,98.0,32.2119140625,32.21044921875,98.0,32.21044921875,47,NPU:0
aten::mul,4096.5,1773303881866673.180	,1773303881866829.720	,1773303881866828.420	,156.540	,155.240	,36.2109375,98.0,36.2109375,36.24267578125,98.0,36.24267578125,47,NPU:0
aten::mul,4096.5,1773303881866717.800	,1773303881866943.610	,1773303881866941.040	,225.810	,223.240	,40.21142578125,98.0,40.21142578125,32.2421875,98.0,32.2421875,47,NPU:0
aten::sum,32.5,1773303881866760.000	,1773303881867905.460	,1773303881867904.070	,1145.460	,1144.070	,40.2431640625,98.0,40.2431640625,20.208984375,98.0,20.208984375,47,NPU:0
aten::sum,1.5,1773303881866772.980	,1773303881866819.970	,1773303881866817.520	,46.990	,44.540	,40.24462890625,98.0,40.24462890625,40.2431640625,98.0,40.2431640625,47,NPU:0
aten::div,4096.5,1773303881866896.340	,1773303881867116.340	,1773303881867113.900	,220.000	,217.560	,36.24267578125,98.0,36.24267578125,32.2421875,98.0,32.2421875,47,NPU:0
aten::mul,4096.5,1773303881867055.730	,1773303881867191.790	,1773303881867189.460	,136.060	,133.730	,36.24267578125,98.0,36.24267578125,32.2421875,98.0,32.2421875,47,NPU:0
aten::mul,16385.5,1773303881867082.570	,1773303881867105.640	,1773303881867103.620	,23.070	,21.050	,52.244140625,98.0,52.244140625,36.24267578125,98.0,36.24267578125,47,NPU:0
aten::neg,4096.5,1773303881867154.320	,1773303881867270.560	,1773303881867268.440	,116.240	,114.120	,36.24267578125,98.0,36.24267578125,32.2421875,98.0,32.2421875,47,NPU:0
aten::threshold_backward,4096.5,1773303881867232.610	,1773303881867343.940	,1773303881867342.000	,111.330	,109.390	,36.24267578125,98.0,36.24267578125,28.24169921875,98.0,28.24169921875,47,NPU:0
aten::neg,4096.5,1773303881867308.790	,1773303881867432.440	,1773303881867430.350	,123.650	,121.560	,32.2421875,98.0,32.2421875,28.24169921875,98.0,28.24169921875,47,NPU:0
aten::threshold_backward,4096.5,1773303881867396.250	,1773303881867743.650	,1773303881867742.170	,347.400	,345.920	,32.2421875,98.0,32.2421875,24.27294921875,98.0,24.27294921875,47,NPU:0
aten::neg,4096.5,1773303881867488.400	,1773303881867642.970	,1773303881867640.960	,154.570	,152.560	,28.24169921875,98.0,28.24169921875,28.24169921875,98.0,28.24169921875,47,NPU:0
aten::div,4096.5,1773303881867536.940	,1773303881867637.410	,1773303881867635.850	,100.470	,98.910	,32.2421875,98.0,32.2421875,32.2421875,98.0,32.2421875,47,NPU:0
aten::div,4096.5,1773303881867572.940	,1773303881867633.080	,1773303881867630.430	,60.140	,57.490	,36.24267578125,98.0,36.24267578125,36.24267578125,98.0,36.24267578125,47,NPU:0
aten::mul,4096.5,1773303881867606.170	,1773303881867738.240	,1773303881867736.800	,132.070	,130.630	,40.2431640625,98.0,40.2431640625,28.2734375,98.0,28.2734375,47,NPU:0
aten::div,4096.5,1773303881867656.060	,1773303881868280.500	,1773303881868277.700	,624.440	,621.640	,32.2421875,98.0,32.2421875,16.1767578125,98.0,16.1767578125,47,NPU:0
aten::sum,32.5,1773303881867699.170	,1773303881867809.150	,1773303881867807.010	,109.980	,107.840	,32.27392578125,98.0,32.27392578125,20.208984375,98.0,20.208984375,47,NPU:0
aten::sum,1.5,1773303881867712.010	,1773303881867731.030	,1773303881867728.940	,19.020	,16.930	,32.275390625,98.0,32.275390625,32.27392578125,98.0,32.27392578125,47,NPU:0
aten::mul,32.5,1773303881867852.270	,1773303881868432.550	,1773303881868430.040	,580.280	,577.770	,20.24072265625,98.0,20.24072265625,16.1767578125,98.0,16.1767578125,47,NPU:0
aten::mul,129.5,1773303881867875.590	,1773303881867895.560	,1773303881867893.620	,19.970	,18.030	,20.3671875,98.0,20.3671875,20.24072265625,98.0,20.24072265625,47,NPU:0
aten::neg,4096.5,1773303881867946.370	,1773303881868043.660	,1773303881868042.180	,97.290	,95.810	,24.20947265625,98.0,24.20947265625,20.24072265625,98.0,20.24072265625,47,NPU:0
aten::sum,32.5,1773303881868003.340	,1773303881868085.230	,1773303881868082.750	,81.890	,79.410	,24.2412109375,98.0,24.2412109375,20.208984375,98.0,20.208984375,47,NPU:0
aten::sum,1.5,1773303881868017.340	,1773303881868037.050	,1773303881868034.460	,19.710	,17.120	,24.24267578125,98.0,24.24267578125,24.2412109375,98.0,24.2412109375,47,NPU:0
aten::empty,0.5,1773303881868329.990	,1773303881868420.790	,1773303881868418.350	,90.800	,88.360	,16.17724609375,98.0,16.17724609375,16.20849609375,98.0,16.20849609375,47,NPU:0
aten::where,32.5,1773303881868389.250	,1773303881868520.330	,1773303881868518.250	,131.080	,129.000	,16.208984375,98.0,16.208984375,16.12890625,98.0,16.12890625,47,NPU:0
