Step Id,Device_id,Name,Type,Accelerator Core,Start Time(us),Duration(us),Wait Time(us),Block Dim
5,0,aclnnGtTensor_CastAiCore_Cast,N/A,N/A,1773307480200814.320	,6.860,0,0
5,0,aclnnGtTensor_GreaterAiCore_Greater,N/A,N/A,1773307480200821.220	,7.320,0.140000,0
5,0,aclnnSWhere_CastAiCore_Cast,N/A,N/A,1773307480200852.860	,2.260,24.180000,0
5,0,aclnnSWhere_SelectV2AiCore_SelectV2,N/A,N/A,1773307480200864.700	,10.060,9.740000,0
5,0,aclnnSWhere_CastAiCore_Cast,N/A,N/A,1773307480200874.780	,6.720,0.000000,0
5,0,aclnnSub_SubAiCore_Sub,N/A,N/A,1773307480200965.560	,46.900,84.030000,0
5,0,aclnnMuls_CastAiCore_Cast,N/A,N/A,1773307480201045.340	,6.600,32.850000,0
5,0,aclnnMuls_MulAiCore_Mul,N/A,N/A,1773307480201051.960	,6.500,0.150000,0
5,0,aclnnMuls_CastAiCore_Cast,N/A,N/A,1773307480201058.480	,3.740,0.000000,0
5,0,aclnnDiv_RealDivAiCore_RealDiv,N/A,N/A,1773307480201103.620	,48.400,41.260000,0
5,0,aclnnSubs_SubAiCore_Sub,N/A,N/A,1773307480201196.120	,21.600,44.100000,0
5,0,aclnnRelu_Relu_Relu,N/A,N/A,1773307480201240.840	,13.460,23.150000,0
5,0,aclnnAdds_AddAiCore_Add,N/A,N/A,1773307480201333.880	,15.740,79.790000,0
5,0,aclnnRsubs_SubAiCore_Sub,N/A,N/A,1773307480201412.440	,14.560,62.760000,0
5,0,aclnnRelu_Relu_Relu,N/A,N/A,1773307480201456.920	,9.040,29.940000,0
5,0,aclnnRsubs_SubAiCore_Sub,N/A,N/A,1773307480201529.180	,13.060,63.210000,0
5,0,aclnnMuls_CastAiCore_Cast,N/A,N/A,1773307480201634.540	,14.840,92.190000,0
5,0,aclnnMuls_MulAiCore_Mul,N/A,N/A,1773307480201649.400	,18.740,0.160000,0
5,0,aclnnMuls_CastAiCore_Cast,N/A,N/A,1773307480201668.160	,15.300,0.010000,0
5,0,aclnnSubs_SubAiCore_Sub,N/A,N/A,1773307480201715.860	,14.700,32.200000,0
5,0,aclnnRound_RoundDecimalsAiCore_Round,N/A,N/A,1773307480201781.160	,14.540,50.800000,0
5,0,aclnnSub_SubAiCore_Sub,N/A,N/A,1773307480201825.080	,19.860,29.210000,0
5,0,aclnnAdd_AddAiCore_Add,N/A,N/A,1773307480201907.880	,20.640,63.140000,0
5,0,aclnnAdds_AddAiCore_Add,N/A,N/A,1773307480202000.800	,13.460,72.110000,0
5,0,aclnnDivs_RealDivAiCore_RealDiv,N/A,N/A,1773307480202064.420	,24.840,50.290000,0
5,0,aclnnMul_MulAiCore_Mul,N/A,N/A,1773307480202139.840	,44.020,50.410000,0
5,0,aclnnAdd_AddAiCore_Add,N/A,N/A,1773307480202186.120	,44.840,2.230000,0
5,0,aclnnReduceSum_ReduceSumOpAiCore_ReduceSum,N/A,N/A,1773307480202685.000	,30.960,454.160000,0
5,0,aclnnMul_MulAiCore_Mul,N/A,N/A,1773307480202745.480	,27.240,29.540000,0
5,0,aclnnMul_MulAiCore_Mul,N/A,N/A,1773307480202778.860	,45.200,6.010000,0
5,0,aclnnReduceSum_ReduceSumOpAiCore_ReduceSum,N/A,N/A,1773307480202852.960	,17.400,29.050000,0
5,0,aclnnDivs_RealDivAiCore_RealDiv,N/A,N/A,1773307480202969.380	,18.520,99.100000,0
5,0,aclnnMuls_CastAiCore_Cast,N/A,N/A,1773307480203164.360	,15.580,176.230000,0
5,0,aclnnMuls_MulAiCore_Mul,N/A,N/A,1773307480203179.960	,21.180,0.170000,0
5,0,aclnnMuls_CastAiCore_Cast,N/A,N/A,1773307480203201.160	,16.940,0.070000,0
5,0,aclnnNeg_NegAiCore_Neg,N/A,N/A,1773307480203262.800	,14.660,44.560000,0
5,0,aclnnThresholdBackward_ReluGrad_ReluGrad,N/A,N/A,1773307480203358.060	,32.440,80.590000,0
5,0,aclnnNeg_NegAiCore_Neg,N/A,N/A,1773307480203447.020	,9.600,56.560000,0
5,0,aclnnThresholdBackward_ReluGrad_ReluGrad,N/A,N/A,1773307480203553.420	,29.600,96.900000,0
5,0,aclnnNeg_NegAiCore_Neg,N/A,N/A,1773307480203667.220	,9.640,84.150000,0
5,0,aclnnDiv_RealDivAiCore_RealDiv,N/A,N/A,1773307480203680.120	,52.320,3.110000,0
5,0,aclnnDiv_RealDivAiCore_RealDiv,N/A,N/A,1773307480203732.460	,35.000,0.180000,0
5,0,aclnnMul_MulAiCore_Mul,N/A,N/A,1773307480203770.460	,28.640,3.000000,0
5,0,aclnnDiv_RealDivAiCore_RealDiv,N/A,N/A,1773307480203830.960	,35.300,31.860000,0
5,0,aclnnReduceSum_ReduceSumOpAiCore_ReduceSum,N/A,N/A,1773307480203887.340	,23.340,20.950000,0
5,0,aclnnAdd_AddAiCore_Add,N/A,N/A,1773307480203998.740	,7.740,88.160000,0
5,0,aclnnMuls_CastAiCore_Cast,N/A,N/A,1773307480204099.180	,6.980,92.760000,0
5,0,aclnnMuls_MulAiCore_Mul,N/A,N/A,1773307480204106.180	,6.460,0.020000,0
5,0,aclnnMuls_CastAiCore_Cast,N/A,N/A,1773307480204112.680	,7.060,0.040000,0
5,0,aclnnNeg_NegAiCore_Neg,N/A,N/A,1773307480204204.980	,14.320,85.190000,0
5,0,aclnnReduceSum_ReduceSumOpAiCore_ReduceSum,N/A,N/A,1773307480204271.240	,20.480,51.930000,0
5,0,aclnnAdd_AddAiCore_Add,N/A,N/A,1773307480204317.500	,7.260,25.770000,0
5,0,aclnnAdd_AddAiCore_Add,N/A,N/A,1773307480204416.800	,2.700,91.990000,0
5,0,aclnnAdd_AddAiCore_Add,N/A,N/A,1773307480204554.620	,27.940,135.050000,0
5,0,aclnnInplaceFillScalar_FillAiCore_Fill,N/A,N/A,1773307480204666.580	,1.200,84.060000,0
5,0,aclnnSWhere_SelectV2AiCore_SelectV2,N/A,N/A,1773307480204723.360	,10.840,55.550000,0
5,0,aclnnAdd_AddAiCore_Add,N/A,N/A,1773307480204824.500	,2.920,90.410000,0
6,0,aclnnGtTensor_CastAiCore_Cast,N/A,N/A,1773307480205430.940	,6.700,603.580000,0
6,0,aclnnGtTensor_GreaterAiCore_Greater,N/A,N/A,1773307480205437.660	,7.060,0.050000,0
6,0,aclnnSWhere_CastAiCore_Cast,N/A,N/A,1773307480205501.320	,2.600,56.440000,0
6,0,aclnnSWhere_SelectV2AiCore_SelectV2,N/A,N/A,1773307480205503.940	,9.920,0.150000,0
6,0,aclnnSWhere_CastAiCore_Cast,N/A,N/A,1773307480205513.880	,6.700,0.080000,0
6,0,aclnnSub_SubAiCore_Sub,N/A,N/A,1773307480205612.700	,50.820,92.050000,0
6,0,aclnnMuls_CastAiCore_Cast,N/A,N/A,1773307480205704.620	,6.600,40.930000,0
6,0,aclnnMuls_MulAiCore_Mul,N/A,N/A,1773307480205711.240	,6.480,0.150000,0
6,0,aclnnMuls_CastAiCore_Cast,N/A,N/A,1773307480205717.740	,3.680,0.020000,0
6,0,aclnnDiv_RealDivAiCore_RealDiv,N/A,N/A,1773307480205755.260	,48.600,33.820000,0
6,0,aclnnSubs_SubAiCore_Sub,N/A,N/A,1773307480205844.980	,16.680,41.150000,0
6,0,aclnnRelu_Relu_Relu,N/A,N/A,1773307480205911.720	,13.580,50.070000,0
6,0,aclnnAdds_AddAiCore_Add,N/A,N/A,1773307480205993.540	,15.740,68.170000,0
6,0,aclnnRsubs_SubAiCore_Sub,N/A,N/A,1773307480206077.940	,14.620,68.760000,0
6,0,aclnnRelu_Relu_Relu,N/A,N/A,1773307480206123.600	,9.260,30.880000,0
6,0,aclnnRsubs_SubAiCore_Sub,N/A,N/A,1773307480206215.460	,13.060,82.740000,0
6,0,aclnnMuls_CastAiCore_Cast,N/A,N/A,1773307480206314.780	,15.220,86.190000,0
6,0,aclnnMuls_MulAiCore_Mul,N/A,N/A,1773307480206330.020	,18.920,0.030000,0
6,0,aclnnMuls_CastAiCore_Cast,N/A,N/A,1773307480206348.960	,12.980,0.080000,0
6,0,aclnnSubs_SubAiCore_Sub,N/A,N/A,1773307480206400.020	,14.700,38.020000,0
6,0,aclnnRound_RoundDecimalsAiCore_Round,N/A,N/A,1773307480206447.400	,14.340,32.800000,0
6,0,aclnnSub_SubAiCore_Sub,N/A,N/A,1773307480206516.720	,20.060,54.910000,0
6,0,aclnnAdd_AddAiCore_Add,N/A,N/A,1773307480206588.560	,20.680,51.690000,0
6,0,aclnnAdds_AddAiCore_Add,N/A,N/A,1773307480206669.840	,13.100,60.570000,0
6,0,aclnnDivs_RealDivAiCore_RealDiv,N/A,N/A,1773307480206749.820	,18.920,66.900000,0
6,0,aclnnMul_MulAiCore_Mul,N/A,N/A,1773307480206832.260	,44.060,63.580000,0
6,0,aclnnAdd_AddAiCore_Add,N/A,N/A,1773307480206879.480	,44.700,3.190000,0
6,0,aclnnReduceSum_ReduceSumOpAiCore_ReduceSum,N/A,N/A,1773307480207386.420	,26.320,462.300000,0
6,0,aclnnMul_MulAiCore_Mul,N/A,N/A,1773307480207427.340	,27.060,14.430000,0
6,0,aclnnMul_MulAiCore_Mul,N/A,N/A,1773307480207464.260	,47.580,9.940000,0
6,0,aclnnReduceSum_ReduceSumOpAiCore_ReduceSum,N/A,N/A,1773307480207535.260	,17.260,23.420000,0
6,0,aclnnDivs_RealDivAiCore_RealDiv,N/A,N/A,1773307480207620.900	,18.460,68.490000,0
6,0,aclnnMuls_CastAiCore_Cast,N/A,N/A,1773307480207778.660	,15.280,139.290000,0
6,0,aclnnMuls_MulAiCore_Mul,N/A,N/A,1773307480207793.960	,18.700,0.000000,0
6,0,aclnnMuls_CastAiCore_Cast,N/A,N/A,1773307480207812.680	,16.500,0.050000,0
6,0,aclnnNeg_NegAiCore_Neg,N/A,N/A,1773307480207849.600	,17.180,20.250000,0
6,0,aclnnThresholdBackward_ReluGrad_ReluGrad,N/A,N/A,1773307480207926.100	,33.460,59.320000,0
6,0,aclnnNeg_NegAiCore_Neg,N/A,N/A,1773307480208023.940	,9.440,64.540000,0
6,0,aclnnThresholdBackward_ReluGrad_ReluGrad,N/A,N/A,1773307480208111.220	,30.040,77.810000,0
6,0,aclnnNeg_NegAiCore_Neg,N/A,N/A,1773307480208216.160	,9.600,74.960000,0
6,0,aclnnDiv_RealDivAiCore_RealDiv,N/A,N/A,1773307480208253.160	,52.680,27.400000,0
6,0,aclnnDiv_RealDivAiCore_RealDiv,N/A,N/A,1773307480208305.860	,34.800,0.000000,0
6,0,aclnnMul_MulAiCore_Mul,N/A,N/A,1773307480208340.700	,26.840,0.200000,0
6,0,aclnnDiv_RealDivAiCore_RealDiv,N/A,N/A,1773307480208387.420	,35.400,19.910000,0
6,0,aclnnReduceSum_ReduceSumOpAiCore_ReduceSum,N/A,N/A,1773307480208435.880	,24.080,13.100000,0
6,0,aclnnAdd_AddAiCore_Add,N/A,N/A,1773307480208506.220	,7.620,46.170000,0
6,0,aclnnMuls_CastAiCore_Cast,N/A,N/A,1773307480208593.000	,6.980,79.130000,0
6,0,aclnnMuls_MulAiCore_Mul,N/A,N/A,1773307480208600.000	,6.500,0.020000,0
6,0,aclnnMuls_CastAiCore_Cast,N/A,N/A,1773307480208606.520	,7.080,0.000000,0
6,0,aclnnNeg_NegAiCore_Neg,N/A,N/A,1773307480208671.420	,14.020,57.920000,0
6,0,aclnnReduceSum_ReduceSumOpAiCore_ReduceSum,N/A,N/A,1773307480208720.060	,20.540,34.480000,0
6,0,aclnnAdd_AddAiCore_Add,N/A,N/A,1773307480208766.140	,7.360,25.710000,0
6,0,aclnnAdd_AddAiCore_Add,N/A,N/A,1773307480208837.360	,2.720,63.640000,0
6,0,aclnnAdd_AddAiCore_Add,N/A,N/A,1773307480208935.220	,31.160,95.280000,0
6,0,aclnnInplaceFillScalar_FillAiCore_Fill,N/A,N/A,1773307480209044.320	,1.040,77.840000,0
6,0,aclnnSWhere_SelectV2AiCore_SelectV2,N/A,N/A,1773307480209080.440	,10.660,35.210000,0
6,0,aclnnAdd_AddAiCore_Add,N/A,N/A,1773307480209190.320	,2.600,99.090000,0
7,0,aclnnGtTensor_CastAiCore_Cast,N/A,N/A,1773307480209768.360	,6.720,575.400000,0
7,0,aclnnGtTensor_GreaterAiCore_Greater,N/A,N/A,1773307480209775.100	,7.180,0.030000,0
7,0,aclnnSWhere_CastAiCore_Cast,N/A,N/A,1773307480209825.300	,2.420,43.070000,0
7,0,aclnnSWhere_SelectV2AiCore_SelectV2,N/A,N/A,1773307480209827.740	,10.020,0.080000,0
7,0,aclnnSWhere_CastAiCore_Cast,N/A,N/A,1773307480209841.800	,6.620,3.980000,0
7,0,aclnnSub_SubAiCore_Sub,N/A,N/A,1773307480209944.140	,46.700,95.880000,0
7,0,aclnnMuls_CastAiCore_Cast,N/A,N/A,1773307480210027.640	,6.560,36.800000,0
7,0,aclnnMuls_MulAiCore_Mul,N/A,N/A,1773307480210034.220	,6.480,0.000000,0
7,0,aclnnMuls_CastAiCore_Cast,N/A,N/A,1773307480210040.720	,3.600,0.020000,0
7,0,aclnnDiv_RealDivAiCore_RealDiv,N/A,N/A,1773307480210086.000	,48.040,41.650000,0
7,0,aclnnSubs_SubAiCore_Sub,N/A,N/A,1773307480210164.060	,16.780,29.960000,0
7,0,aclnnRelu_Relu_Relu,N/A,N/A,1773307480210214.080	,13.400,33.220000,0
7,0,aclnnAdds_AddAiCore_Add,N/A,N/A,1773307480210292.480	,18.080,65.100000,0
7,0,aclnnRsubs_SubAiCore_Sub,N/A,N/A,1773307480210372.400	,14.580,61.920000,0
7,0,aclnnRelu_Relu_Relu,N/A,N/A,1773307480210434.260	,9.200,47.170000,0
7,0,aclnnRsubs_SubAiCore_Sub,N/A,N/A,1773307480210506.120	,12.360,62.550000,0
7,0,aclnnMuls_CastAiCore_Cast,N/A,N/A,1773307480210592.920	,14.860,74.640000,0
7,0,aclnnMuls_MulAiCore_Mul,N/A,N/A,1773307480210607.800	,19.180,0.000000,0
7,0,aclnnMuls_CastAiCore_Cast,N/A,N/A,1773307480210627.000	,12.980,0.070000,0
7,0,aclnnSubs_SubAiCore_Sub,N/A,N/A,1773307480210674.740	,14.060,34.770000,0
7,0,aclnnRound_RoundDecimalsAiCore_Round,N/A,N/A,1773307480210733.520	,14.620,44.690000,0
7,0,aclnnSub_SubAiCore_Sub,N/A,N/A,1773307480210782.240	,20.760,34.130000,0
7,0,aclnnAdd_AddAiCore_Add,N/A,N/A,1773307480210861.760	,20.240,58.740000,0
7,0,aclnnAdds_AddAiCore_Add,N/A,N/A,1773307480210939.700	,13.040,57.760000,0
7,0,aclnnDivs_RealDivAiCore_RealDiv,N/A,N/A,1773307480211016.240	,18.840,63.460000,0
7,0,aclnnMul_MulAiCore_Mul,N/A,N/A,1773307480211085.680	,46.140,50.660000,0
7,0,aclnnAdd_AddAiCore_Add,N/A,N/A,1773307480211131.840	,45.720,0.000000,0
7,0,aclnnReduceSum_ReduceSumOpAiCore_ReduceSum,N/A,N/A,1773307480211662.060	,31.500,484.530000,0
7,0,aclnnMul_MulAiCore_Mul,N/A,N/A,1773307480211731.800	,27.040,38.250000,0
7,0,aclnnMul_MulAiCore_Mul,N/A,N/A,1773307480211767.080	,45.860,8.210000,0
7,0,aclnnReduceSum_ReduceSumOpAiCore_ReduceSum,N/A,N/A,1773307480211824.720	,17.240,11.890000,0
7,0,aclnnDivs_RealDivAiCore_RealDiv,N/A,N/A,1773307480211969.400	,18.500,127.510000,0
7,0,aclnnMuls_CastAiCore_Cast,N/A,N/A,1773307480212148.320	,15.660,160.250000,0
7,0,aclnnMuls_MulAiCore_Mul,N/A,N/A,1773307480212164.000	,17.920,0.090000,0
7,0,aclnnMuls_CastAiCore_Cast,N/A,N/A,1773307480212181.940	,17.180,0.080000,0
7,0,aclnnNeg_NegAiCore_Neg,N/A,N/A,1773307480212239.740	,14.480,40.570000,0
7,0,aclnnThresholdBackward_ReluGrad_ReluGrad,N/A,N/A,1773307480212336.680	,32.480,82.520000,0
7,0,aclnnNeg_NegAiCore_Neg,N/A,N/A,1773307480212427.280	,9.720,58.020000,0
7,0,aclnnThresholdBackward_ReluGrad_ReluGrad,N/A,N/A,1773307480212525.660	,29.380,88.780000,0
7,0,aclnnNeg_NegAiCore_Neg,N/A,N/A,1773307480212619.900	,9.300,64.870000,0
7,0,aclnnDiv_RealDivAiCore_RealDiv,N/A,N/A,1773307480212674.920	,52.720,45.700000,0
7,0,aclnnDiv_RealDivAiCore_RealDiv,N/A,N/A,1773307480212727.680	,35.240,0.030000,0
7,0,aclnnMul_MulAiCore_Mul,N/A,N/A,1773307480212762.940	,26.900,0.010000,0
7,0,aclnnDiv_RealDivAiCore_RealDiv,N/A,N/A,1773307480212821.680	,34.880,31.850000,0
7,0,aclnnReduceSum_ReduceSumOpAiCore_ReduceSum,N/A,N/A,1773307480212889.500	,23.600,32.870000,0
7,0,aclnnAdd_AddAiCore_Add,N/A,N/A,1773307480212955.380	,7.520,42.400000,0
7,0,aclnnMuls_CastAiCore_Cast,N/A,N/A,1773307480213079.080	,6.940,115.980000,0
7,0,aclnnMuls_MulAiCore_Mul,N/A,N/A,1773307480213086.040	,6.460,0.060000,0
7,0,aclnnMuls_CastAiCore_Cast,N/A,N/A,1773307480213092.520	,6.880,0.040000,0
7,0,aclnnNeg_NegAiCore_Neg,N/A,N/A,1773307480213217.880	,14.140,118.620000,0
7,0,aclnnReduceSum_ReduceSumOpAiCore_ReduceSum,N/A,N/A,1773307480213281.920	,20.560,49.860000,0
7,0,aclnnAdd_AddAiCore_Add,N/A,N/A,1773307480213326.380	,12.220,23.940000,0
7,0,aclnnAdd_AddAiCore_Add,N/A,N/A,1773307480213420.220	,2.500,81.530000,0
7,0,aclnnAdd_AddAiCore_Add,N/A,N/A,1773307480213550.240	,27.500,127.500000,0
7,0,aclnnInplaceFillScalar_FillAiCore_Fill,N/A,N/A,1773307480213651.800	,1.020,74.000000,0
7,0,aclnnSWhere_SelectV2AiCore_SelectV2,N/A,N/A,1773307480213686.000	,10.860,33.230000,0
7,0,aclnnAdd_AddAiCore_Add,N/A,N/A,1773307480213784.020	,2.620,87.140000,0
8,0,aclnnGtTensor_CastAiCore_Cast,N/A,N/A,1773307480214396.620	,6.720,609.880000,0
8,0,aclnnGtTensor_GreaterAiCore_Greater,N/A,N/A,1773307480214403.380	,7.000,0.280000,0
8,0,aclnnSWhere_CastAiCore_Cast,N/A,N/A,1773307480214435.240	,2.260,24.750000,0
8,0,aclnnSWhere_SelectV2AiCore_SelectV2,N/A,N/A,1773307480214445.760	,10.300,8.240000,0
8,0,aclnnSWhere_CastAiCore_Cast,N/A,N/A,1773307480214456.080	,6.700,0.000000,0
8,0,aclnnSub_SubAiCore_Sub,N/A,N/A,1773307480214563.160	,51.220,100.550000,0
8,0,aclnnMuls_CastAiCore_Cast,N/A,N/A,1773307480214639.700	,6.600,25.280000,0
8,0,aclnnMuls_MulAiCore_Mul,N/A,N/A,1773307480214646.320	,6.480,0.000000,0
8,0,aclnnMuls_CastAiCore_Cast,N/A,N/A,1773307480214652.820	,3.640,0.020000,0
8,0,aclnnDiv_RealDivAiCore_RealDiv,N/A,N/A,1773307480214686.900	,48.260,30.610000,0
8,0,aclnnSubs_SubAiCore_Sub,N/A,N/A,1773307480214759.000	,16.620,23.740000,0
8,0,aclnnRelu_Relu_Relu,N/A,N/A,1773307480214814.140	,13.420,38.630000,0
8,0,aclnnAdds_AddAiCore_Add,N/A,N/A,1773307480214892.420	,15.740,64.830000,0
8,0,aclnnRsubs_SubAiCore_Sub,N/A,N/A,1773307480214975.400	,14.600,67.260000,0
8,0,aclnnRelu_Relu_Relu,N/A,N/A,1773307480215020.160	,8.960,30.150000,0
8,0,aclnnRsubs_SubAiCore_Sub,N/A,N/A,1773307480215152.560	,12.400,123.290000,0
8,0,aclnnMuls_CastAiCore_Cast,N/A,N/A,1773307480215242.500	,15.660,77.600000,0
8,0,aclnnMuls_MulAiCore_Mul,N/A,N/A,1773307480215258.180	,19.160,0.090000,0
8,0,aclnnMuls_CastAiCore_Cast,N/A,N/A,1773307480215277.360	,13.060,0.000000,0
8,0,aclnnSubs_SubAiCore_Sub,N/A,N/A,1773307480215317.960	,14.020,27.690000,0
8,0,aclnnRound_RoundDecimalsAiCore_Round,N/A,N/A,1773307480215385.020	,14.480,52.980000,0
8,0,aclnnSub_SubAiCore_Sub,N/A,N/A,1773307480215418.940	,20.260,19.520000,0
8,0,aclnnAdd_AddAiCore_Add,N/A,N/A,1773307480215512.680	,20.340,73.490000,0
8,0,aclnnAdds_AddAiCore_Add,N/A,N/A,1773307480215601.360	,12.460,68.160000,0
8,0,aclnnDivs_RealDivAiCore_RealDiv,N/A,N/A,1773307480215670.120	,18.780,56.290000,0
8,0,aclnnMul_MulAiCore_Mul,N/A,N/A,1773307480215742.320	,44.760,53.470000,0
8,0,aclnnAdd_AddAiCore_Add,N/A,N/A,1773307480215787.100	,44.980,0.000000,0
8,0,aclnnReduceSum_ReduceSumOpAiCore_ReduceSum,N/A,N/A,1773307480216288.380	,26.420,456.520000,0
8,0,aclnnMul_MulAiCore_Mul,N/A,N/A,1773307480216397.360	,27.200,82.330000,0
8,0,aclnnMul_MulAiCore_Mul,N/A,N/A,1773307480216424.600	,47.800,0.050000,0
8,0,aclnnReduceSum_ReduceSumOpAiCore_ReduceSum,N/A,N/A,1773307480216491.360	,17.300,18.950000,0
8,0,aclnnDivs_RealDivAiCore_RealDiv,N/A,N/A,1773307480216595.360	,18.500,86.700000,0
8,0,aclnnMuls_CastAiCore_Cast,N/A,N/A,1773307480216730.760	,15.380,117.000000,0
8,0,aclnnMuls_MulAiCore_Mul,N/A,N/A,1773307480216746.160	,17.700,0.120000,0
8,0,aclnnMuls_CastAiCore_Cast,N/A,N/A,1773307480216763.880	,16.660,0.050000,0
8,0,aclnnNeg_NegAiCore_Neg,N/A,N/A,1773307480216805.520	,14.640,24.840000,0
8,0,aclnnThresholdBackward_ReluGrad_ReluGrad,N/A,N/A,1773307480216881.860	,32.840,61.610000,0
8,0,aclnnNeg_NegAiCore_Neg,N/A,N/A,1773307480216952.880	,9.800,38.410000,0
8,0,aclnnThresholdBackward_ReluGrad_ReluGrad,N/A,N/A,1773307480217041.260	,29.960,78.450000,0
8,0,aclnnNeg_NegAiCore_Neg,N/A,N/A,1773307480217139.060	,9.660,67.790000,0
8,0,aclnnDiv_RealDivAiCore_RealDiv,N/A,N/A,1773307480217183.620	,53.600,34.840000,0
8,0,aclnnDiv_RealDivAiCore_RealDiv,N/A,N/A,1773307480217237.240	,35.700,0.150000,0
8,0,aclnnMul_MulAiCore_Mul,N/A,N/A,1773307480217272.960	,26.880,0.050000,0
8,0,aclnnDiv_RealDivAiCore_RealDiv,N/A,N/A,1773307480217299.860	,35.280,0.000000,0
8,0,aclnnReduceSum_ReduceSumOpAiCore_ReduceSum,N/A,N/A,1773307480217373.940	,24.040,38.970000,0
8,0,aclnnAdd_AddAiCore_Add,N/A,N/A,1773307480217438.280	,7.580,40.210000,0
8,0,aclnnMuls_CastAiCore_Cast,N/A,N/A,1773307480217516.760	,6.860,70.920000,0
8,0,aclnnMuls_MulAiCore_Mul,N/A,N/A,1773307480217523.640	,6.500,0.140000,0
8,0,aclnnMuls_CastAiCore_Cast,N/A,N/A,1773307480217530.160	,6.920,0.000000,0
8,0,aclnnNeg_NegAiCore_Neg,N/A,N/A,1773307480217601.840	,14.060,64.580000,0
8,0,aclnnReduceSum_ReduceSumOpAiCore_ReduceSum,N/A,N/A,1773307480217650.360	,20.580,34.440000,0
8,0,aclnnAdd_AddAiCore_Add,N/A,N/A,1773307480217696.920	,7.060,26.170000,0
8,0,aclnnAdd_AddAiCore_Add,N/A,N/A,1773307480217761.920	,2.940,57.940000,0
8,0,aclnnAdd_AddAiCore_Add,N/A,N/A,1773307480217862.660	,30.900,97.810000,0
8,0,aclnnInplaceFillScalar_FillAiCore_Fill,N/A,N/A,1773307480217990.060	,0.980,96.350000,0
8,0,aclnnSWhere_SelectV2AiCore_SelectV2,N/A,N/A,1773307480218003.100	,10.620,12.020000,0
8,0,aclnnAdd_AddAiCore_Add,N/A,N/A,1773307480218110.400	,2.900,96.880000,0
9,0,aclnnGtTensor_CastAiCore_Cast,N/A,N/A,1773307480218702.660	,6.680,589.350000,0
9,0,aclnnGtTensor_GreaterAiCore_Greater,N/A,N/A,1773307480218709.380	,7.080,0.070000,0
9,0,aclnnSWhere_CastAiCore_Cast,N/A,N/A,1773307480218756.220	,2.340,39.670000,0
9,0,aclnnSWhere_SelectV2AiCore_SelectV2,N/A,N/A,1773307480218770.400	,10.060,11.910000,0
9,0,aclnnSWhere_CastAiCore_Cast,N/A,N/A,1773307480218780.480	,7.840,0.000000,0
9,0,aclnnSub_SubAiCore_Sub,N/A,N/A,1773307480218852.380	,47.100,64.160000,0
9,0,aclnnMuls_CastAiCore_Cast,N/A,N/A,1773307480218926.360	,6.620,26.650000,0
9,0,aclnnMuls_MulAiCore_Mul,N/A,N/A,1773307480218933.000	,6.460,0.130000,0
9,0,aclnnMuls_CastAiCore_Cast,N/A,N/A,1773307480218939.480	,4.540,0.040000,0
9,0,aclnnDiv_RealDivAiCore_RealDiv,N/A,N/A,1773307480218998.720	,48.600,54.710000,0
9,0,aclnnSubs_SubAiCore_Sub,N/A,N/A,1773307480219104.540	,16.600,57.150000,0
9,0,aclnnRelu_Relu_Relu,N/A,N/A,1773307480219152.380	,13.540,31.400000,0
9,0,aclnnAdds_AddAiCore_Add,N/A,N/A,1773307480219249.680	,15.720,83.710000,0
9,0,aclnnRsubs_SubAiCore_Sub,N/A,N/A,1773307480219329.220	,14.580,63.780000,0
9,0,aclnnRelu_Relu_Relu,N/A,N/A,1773307480219376.820	,9.000,32.920000,0
9,0,aclnnRsubs_SubAiCore_Sub,N/A,N/A,1773307480219458.240	,13.160,72.500000,0
9,0,aclnnMuls_CastAiCore_Cast,N/A,N/A,1773307480219568.720	,14.980,97.340000,0
9,0,aclnnMuls_MulAiCore_Mul,N/A,N/A,1773307480219583.720	,18.740,0.020000,0
9,0,aclnnMuls_CastAiCore_Cast,N/A,N/A,1773307480219602.480	,12.960,0.010000,0
9,0,aclnnSubs_SubAiCore_Sub,N/A,N/A,1773307480219637.880	,15.120,22.540000,0
9,0,aclnnRound_RoundDecimalsAiCore_Round,N/A,N/A,1773307480219699.040	,14.640,45.880000,0
9,0,aclnnSub_SubAiCore_Sub,N/A,N/A,1773307480219747.280	,19.720,33.610000,0
9,0,aclnnAdd_AddAiCore_Add,N/A,N/A,1773307480219863.240	,20.580,96.280000,0
9,0,aclnnAdds_AddAiCore_Add,N/A,N/A,1773307480220006.340	,13.420,122.420000,0
9,0,aclnnDivs_RealDivAiCore_RealDiv,N/A,N/A,1773307480220078.340	,18.880,58.580000,0
9,0,aclnnMul_MulAiCore_Mul,N/A,N/A,1773307480220148.920	,45.320,51.870000,0
9,0,aclnnAdd_AddAiCore_Add,N/A,N/A,1773307480220205.240	,45.920,10.930000,0
9,0,aclnnReduceSum_ReduceSumOpAiCore_ReduceSum,N/A,N/A,1773307480220753.880	,30.320,502.830000,0
9,0,aclnnMul_MulAiCore_Mul,N/A,N/A,1773307480220785.220	,27.060,0.930000,0
9,0,aclnnMul_MulAiCore_Mul,N/A,N/A,1773307480220812.300	,45.700,0.000000,0
9,0,aclnnReduceSum_ReduceSumOpAiCore_ReduceSum,N/A,N/A,1773307480220867.440	,17.380,9.550000,0
9,0,aclnnDivs_RealDivAiCore_RealDiv,N/A,N/A,1773307480220957.940	,18.580,73.120000,0
9,0,aclnnMuls_CastAiCore_Cast,N/A,N/A,1773307480221084.080	,15.780,107.420000,0
9,0,aclnnMuls_MulAiCore_Mul,N/A,N/A,1773307480221099.880	,18.100,0.220000,0
9,0,aclnnMuls_CastAiCore_Cast,N/A,N/A,1773307480221118.020	,17.220,0.000000,0
9,0,aclnnNeg_NegAiCore_Neg,N/A,N/A,1773307480221157.900	,14.680,22.780000,0
9,0,aclnnThresholdBackward_ReluGrad_ReluGrad,N/A,N/A,1773307480221236.600	,31.720,63.820000,0
9,0,aclnnNeg_NegAiCore_Neg,N/A,N/A,1773307480221304.600	,9.400,36.280000,0
9,0,aclnnThresholdBackward_ReluGrad_ReluGrad,N/A,N/A,1773307480221422.560	,29.660,108.600000,0
9,0,aclnnNeg_NegAiCore_Neg,N/A,N/A,1773307480221499.940	,9.460,47.840000,0
9,0,aclnnDiv_RealDivAiCore_RealDiv,N/A,N/A,1773307480221524.380	,52.220,15.040000,0
9,0,aclnnDiv_RealDivAiCore_RealDiv,N/A,N/A,1773307480221576.620	,34.980,0.000000,0
9,0,aclnnMul_MulAiCore_Mul,N/A,N/A,1773307480221612.660	,27.040,1.270000,0
9,0,aclnnDiv_RealDivAiCore_RealDiv,N/A,N/A,1773307480221639.720	,35.240,0.000000,0
9,0,aclnnReduceSum_ReduceSumOpAiCore_ReduceSum,N/A,N/A,1773307480221699.780	,23.320,24.760000,0
9,0,aclnnAdd_AddAiCore_Add,N/A,N/A,1773307480221764.820	,7.560,41.680000,0
9,0,aclnnMuls_CastAiCore_Cast,N/A,N/A,1773307480221854.000	,6.960,81.690000,0
9,0,aclnnMuls_MulAiCore_Mul,N/A,N/A,1773307480221860.980	,6.460,0.040000,0
9,0,aclnnMuls_CastAiCore_Cast,N/A,N/A,1773307480221867.460	,6.960,0.040000,0
9,0,aclnnNeg_NegAiCore_Neg,N/A,N/A,1773307480221985.660	,14.380,111.290000,0
9,0,aclnnReduceSum_ReduceSumOpAiCore_ReduceSum,N/A,N/A,1773307480222025.520	,20.800,25.370000,0
9,0,aclnnAdd_AddAiCore_Add,N/A,N/A,1773307480222072.460	,7.140,26.200000,0
9,0,aclnnAdd_AddAiCore_Add,N/A,N/A,1773307480222151.740	,2.940,72.110000,0
9,0,aclnnAdd_AddAiCore_Add,N/A,N/A,1773307480222254.320	,27.300,99.560000,0
9,0,aclnnInplaceFillScalar_FillAiCore_Fill,N/A,N/A,1773307480222337.960	,1.020,56.450000,0
9,0,aclnnSWhere_SelectV2AiCore_SelectV2,N/A,N/A,1773307480222374.760	,14.700,35.730000,0
9,0,aclnnAdd_AddAiCore_Add,N/A,N/A,1773307480222470.740	,2.900,81.300000,0
