Name,Input Shapes,Call Stack,Host Self Duration(us),Host Total Duration(us),Device Self Duration(us),Device Total Duration(us),Device Self Duration With AICore(us),Device Total Duration With AICore(us)
aten::empty,";
;
;
;
;
",,20.54,20.54,0,0,0,0
aten::to,";
;
;
;
;
",,9.77,127.17,0,0,0,0
aten::_to_copy,";
;
;
;
;
;
",,12.47,117.4,0,0,0,0
aten::empty_strided,";
;
;
;
;
",,22.93,29.19,0,0,0,0
empty_tensor,,,6.26,6.26,0,0,0,0
aten::copy_,";
;
",,75.74,75.74,0,0,0,0
aten::lift_fresh,,,3.03,3.03,0,0,0,0
aten::detach_,,,3.12,6.34,0,0,0,0
detach_,,,3.22,3.22,0,0,0,0
aten::to,";
;
;
;
",,4.12,4.12,0,0,0,0
aten::gt,"61440,1;
",,44.6,74.36,0,14.18,0,0
empty_tensor,,,15.05,15.05,0,0,0,0
aclnnGtTensor,,,14.71,14.71,14.18,14.18,0,0
aten::where,"61440,1;
61440,1;
",,41.66,70.87,0,19.04,0,0
empty_tensor,,,10.21,10.21,0,0,0,0
aclnnSWhere,,,19.0,19.0,19.04,19.04,0,0
aten::view,"2560,3072;
",,15.33,15.33,0,0,0,0
aten::sub,"61440,128;
61440,1;
",,23.46,48.51,0,46.9,0,0
empty_tensor,,,12.77,12.77,0,0,0,0
aclnnSub,,,12.28,12.28,46.9,46.9,0,0
aten::mul,"61440,1;
",,39.43,79.13,0,16.84,0,0
empty_tensor,,,11.92,11.92,0,0,0,0
aten::item,,,2.89,13.09,0,0,0,0
aten::_local_scalar_dense,,,10.2,10.2,0,0,0,0
aclnnMuls,,,14.69,14.69,16.84,16.84,0,0
aten::div,"61440,128;
61440,1",,23.43,44.99,0,48.4,0,0
empty_tensor,,,10.89,10.89,0,0,0,0
aclnnDiv,,,10.67,10.67,48.4,48.4,0,0
aten::sub,"61440,128;
;
",,32.61,60.86,0,21.6,0,0
empty_tensor,,,12.06,12.06,0,0,0,0
aten::item,,,2.75,4.53,0,0,0,0
aten::_local_scalar_dense,,,1.78,1.78,0,0,0,0
aclnnSubs,,,11.66,11.66,21.6,21.6,0,0
aten::relu,"61440,128",,22.26,48.47,0,13.46,0,0
empty_tensor,,,16.55,16.55,0,0,0,0
aclnnRelu,,,9.66,9.66,13.46,13.46,0,0
aten::add,"61440,128;
;
",,23.28,53.07,0,15.74,0,0
empty_tensor,,,10.16,10.16,0,0,0,0
aten::item,,,2.77,8.97,0,0,0,0
aten::_local_scalar_dense,,,6.2,6.2,0,0,0,0
aclnnAdds,,,10.66,10.66,15.74,15.74,0,0
aten::rsub,"61440,128;
;
",,21.05,42.3,0,14.56,0,0
empty_tensor,,,10.17,10.17,0,0,0,0
aclnnRsubs,,,11.08,11.08,14.56,14.56,0,0
aten::relu,"61440,128",,23.26,50.05,0,9.04,0,0
empty_tensor,,,16.38,16.38,0,0,0,0
aclnnRelu,,,10.41,10.41,9.04,9.04,0,0
aten::rsub,"61440,128;
;
",,20.0,40.66,0,13.06,0,0
empty_tensor,,,9.76,9.76,0,0,0,0
aclnnRsubs,,,10.9,10.9,13.06,13.06,0,0
aten::mul,"61440,128;
",,38.97,77.39,0,48.879999999999995,0,0
empty_tensor,,,10.49,10.49,0,0,0,0
aten::item,,,2.71,4.56,0,0,0,0
aten::_local_scalar_dense,,,1.85,1.85,0,0,0,0
aclnnMuls,,,23.37,23.37,48.879999999999995,48.879999999999995,0,0
aten::sub,"61440,128;
;
",,22.75,47.74,0,14.7,0,0
empty_tensor,,,9.24,9.24,0,0,0,0
aten::item,,,2.45,4.19,0,0,0,0
aten::_local_scalar_dense,,,1.74,1.74,0,0,0,0
aclnnSubs,,,11.56,11.56,14.7,14.7,0,0
aten::round,"61440,128",,18.98,39.19,0,14.54,0,0
empty_tensor,,,9.41,9.41,0,0,0,0
aclnnRound,,,10.8,10.8,14.54,14.54,0,0
aten::sub,"61440,128;
61440,128;
",,20.57,41.92,0,19.86,0,0
empty_tensor,,,10.92,10.92,0,0,0,0
aclnnSub,,,10.43,10.43,19.86,19.86,0,0
aten::detach,"61440,128",,3.27,8.68,0,0,0,0
detach,"61440,128",,5.41,5.41,0,0,0,0
aten::add,"61440,128;
61440,128;
",,20.13,41.56,0,20.64,0,0
empty_tensor,,,10.12,10.12,0,0,0,0
aclnnAdd,,,11.31,11.31,20.64,20.64,0,0
aten::add,"61440,128;
;
",,21.67,46.32,0,13.46,0,0
empty_tensor,,,9.02,9.02,0,0,0,0
aten::item,,,2.78,4.39,0,0,0,0
aten::_local_scalar_dense,,,1.61,1.61,0,0,0,0
aclnnAdds,,,11.24,11.24,13.46,13.46,0,0
aten::div,"61440,128;
",,23.98,50.86,0,24.84,0,0
empty_tensor,,,11.54,11.54,0,0,0,0
aten::item,,,2.52,3.9,0,0,0,0
aten::_local_scalar_dense,,,1.38,1.38,0,0,0,0
aclnnDivs,,,11.44,11.44,24.84,24.84,0,0
aten::mul,"61440,128;
61440,1",,25.74,49.94,0,44.02,0,0
empty_tensor,,,9.67,9.67,0,0,0,0
aclnnMul,,,14.53,14.53,44.02,44.02,0,0
aten::add,"61440,128;
61440,1;
",,21.08,42.89,0,44.84,0,0
empty_tensor,,,11.11,11.11,0,0,0,0
aclnnAdd,,,10.7,10.7,44.84,44.84,0,0
aten::view,"61440,128;
",,15.99,15.99,0,0,0,0
autograd::engine::evaluate_function: ViewBackward0,,,12.13,35.95,0,0,0,0
ViewBackward0,"2560,3072",,7.08,23.82,0,0,0,0
aten::reshape,"2560,3072;
",,6.06,16.74,0,0,0,0
aten::view,"2560,3072;
",,10.68,10.68,0,0,0,0
autograd::engine::evaluate_function: AddBackward0,,,14.68,89.59,0,30.96,0,0
AddBackward0,"61440,128",,3.12,3.12,0,0,0,0
aten::sum,"61440,128;
;
;
",,35.99,71.79,0,30.96,0,0
empty_tensor,,,17.78,17.78,0,0,0,0
aclnnReduceSum,,,18.02,18.02,30.96,30.96,0,0
autograd::engine::evaluate_function: MulBackward0,,,30.95,188.79,0,89.84,0,0
MulBackward0,"61440,128",,9.04,86.92,0,72.44,0,0
aten::mul,"61440,128;
61440,128",,18.66,43.23,0,27.24,0,0
empty_tensor,,,11.79,11.79,0,0,0,0
aclnnMul,,,12.78,12.78,27.24,27.24,0,0
aten::mul,"61440,128;
61440,1",,14.41,34.65,0,45.2,0,0
empty_tensor,,,10.72,10.72,0,0,0,0
aclnnMul,,,9.52,9.52,45.2,45.2,0,0
aten::sum,"61440,128;
;
;
",,29.01,70.92,0,17.4,0,0
empty_tensor,,,31.77,31.77,0,0,0,0
aclnnReduceSum,,,10.14,10.14,17.4,17.4,0,0
autograd::engine::evaluate_function: DivBackward0,,,21.36,92.72,0,18.52,0,0
DivBackward0,"61440,128",,6.52,71.36,0,18.52,0,0
aten::div,"61440,128;
",,18.62,64.84,0,18.52,0,0
empty_tensor,,,9.72,9.72,0,0,0,0
aten::item,,,2.8,4.66,0,0,0,0
aten::_local_scalar_dense,,,1.86,1.86,0,0,0,0
aclnnDivs,,,31.84,31.84,18.52,18.52,0,0
autograd::engine::evaluate_function: AddBackward0,,,7.31,9.82,0,0,0,0
AddBackward0,"61440,128",,2.51,2.51,0,0,0,0
autograd::engine::evaluate_function: AddBackward0,,,5.45,7.68,0,0,0,0
AddBackward0,"61440,128",,2.23,2.23,0,0,0,0
autograd::engine::evaluate_function: SubBackward0,,,5.1,6.71,0,0,0,0
SubBackward0,"61440,128",,1.61,1.61,0,0,0,0
autograd::engine::evaluate_function: MulBackward0,,,15.66,111.98,0,53.7,0,0
MulBackward0,"61440,128",,18.99,96.32,0,53.7,0,0
aten::mul,"61440,128;
",,32.14,77.33,0,53.7,0,0
empty_tensor,,,12.47,12.47,0,0,0,0
aten::item,,,2.53,4.34,0,0,0,0
aten::_local_scalar_dense,,,1.81,1.81,0,0,0,0
aclnnMuls,,,28.38,28.38,53.7,53.7,0,0
autograd::engine::evaluate_function: RsubBackward1,,,30.09,86.51,0,14.66,0,0
RsubBackward1,"61440,128",,5.78,56.42,0,14.66,0,0
aten::neg,"61440,128",,15.92,50.64,0,14.66,0,0
empty_tensor,,,11.6,11.6,0,0,0,0
aclnnNeg,,,23.12,23.12,14.66,14.66,0,0
autograd::engine::evaluate_function: ReluBackward0,,,21.69,90.04,0,32.44,0,0
ReluBackward0,"61440,128",,8.45,68.35,0,32.44,0,0
aten::threshold_backward,"61440,128;
61440,128;
",,33.13,59.9,0,32.44,0,0
empty_tensor,,,11.88,11.88,0,0,0,0
aclnnThresholdBackward,,,14.89,14.89,32.44,32.44,0,0
autograd::engine::evaluate_function: RsubBackward1,,,16.08,72.68,0,9.6,0,0
RsubBackward1,"61440,128",,4.63,56.6,0,9.6,0,0
aten::neg,"61440,128",,14.18,51.97,0,9.6,0,0
empty_tensor,,,23.27,23.27,0,0,0,0
aclnnNeg,,,14.52,14.52,9.6,9.6,0,0
autograd::engine::evaluate_function: AddBackward0,,,5.86,7.92,0,0,0,0
AddBackward0,"61440,128",,2.06,2.06,0,0,0,0
autograd::engine::evaluate_function: ReluBackward0,,,20.08,83.55,0,29.6,0,0
ReluBackward0,"61440,128",,7.3,63.47,0,29.6,0,0
aten::threshold_backward,"61440,128;
61440,128;
",,19.05,56.17,0,29.6,0,0
empty_tensor,,,22.55,22.55,0,0,0,0
aclnnThresholdBackward,,,14.57,14.57,29.6,29.6,0,0
autograd::engine::evaluate_function: SubBackward0,,,6.32,8.43,0,0,0,0
SubBackward0,"61440,128",,2.11,2.11,0,0,0,0
autograd::engine::evaluate_function: DivBackward0,,,75.79,401.96,0,191.98000000000002,0,0
DivBackward0,"61440,128",,31.57,231.78,0,160.9,0,0
aten::neg,"61440,128",,14.07,47.88,0,9.64,0,0
empty_tensor,,,22.86,22.86,0,0,0,0
aclnnNeg,,,10.95,10.95,9.64,9.64,0,0
aten::div,"61440,128;
61440,1",,16.73,30.05,0,52.32,0,0
empty_tensor,,,10.66,10.66,0,0,0,0
aclnnDiv,,,2.66,2.66,52.32,52.32,0,0
aten::div,"61440,128;
61440,1",,11.58,42.78,0,35.0,0,0
empty_tensor,,,8.54,8.54,0,0,0,0
aclnnDiv,,,22.66,22.66,35.0,35.0,0,0
aten::mul,"61440,128;
61440,128",,14.79,38.57,0,28.64,0,0
empty_tensor,,,9.85,9.85,0,0,0,0
aclnnMul,,,13.93,13.93,28.64,28.64,0,0
aten::div,"61440,128;
61440,1",,14.01,40.93,0,35.3,0,0
empty_tensor,,,17.62,17.62,0,0,0,0
aclnnDiv,,,9.3,9.3,35.3,35.3,0,0
aten::sum,"61440,128;
;
;
",,28.07,47.97,0,23.34,0,0
empty_tensor,,,10.36,10.36,0,0,0,0
aclnnReduceSum,,,9.54,9.54,23.34,23.34,0,0
aten::add_,"61440,1;
61440,1;
",,17.1,46.42,0,7.74,0,0
aclnnInplaceAdd,,,29.32,29.32,7.74,7.74,0,0
autograd::engine::evaluate_function: MulBackward0,,,18.35,97.07,0,20.5,0,0
MulBackward0,"61440,1",,6.11,78.72,0,20.5,0,0
aten::mul,"61440,1;
",,31.87,72.61,0,20.5,0,0
empty_tensor,,,24.88,24.88,0,0,0,0
aten::item,,,2.9,4.79,0,0,0,0
aten::_local_scalar_dense,,,1.89,1.89,0,0,0,0
aclnnMuls,,,11.07,11.07,20.5,20.5,0,0
autograd::engine::evaluate_function: SubBackward0,,,49.41,201.81,0,42.059999999999995,0,0
SubBackward0,"61440,128",,5.08,56.29,0,14.32,0,0
aten::neg,"61440,128",,14.85,51.21,0,14.32,0,0
empty_tensor,,,25.08,25.08,0,0,0,0
aclnnNeg,,,11.28,11.28,14.32,14.32,0,0
aten::sum,"61440,128;
;
;
",,31.5,54.32,0,20.48,0,0
empty_tensor,,,12.26,12.26,0,0,0,0
aclnnReduceSum,,,10.56,10.56,20.48,20.48,0,0
aten::add_,"61440,1;
61440,1;
",,31.67,41.79,0,7.26,0,0
aclnnInplaceAdd,,,10.12,10.12,7.26,7.26,0,0
autograd::engine::evaluate_function: torch::autograd::AccumulateGrad,,,9.94,72.22,0,2.7,0,0
torch::autograd::AccumulateGrad,"61440,1",,23.73,62.28,0,2.7,0,0
aten::add_,"61440,1;
61440,1;
",,14.04,38.55,0,2.7,0,0
aclnnInplaceAdd,,,24.51,24.51,2.7,2.7,0,0
autograd::engine::evaluate_function: ViewBackward0,,,13.14,31.29,0,0,0,0
ViewBackward0,"61440,128",,5.41,18.15,0,0,0,0
aten::reshape,"61440,128;
",,4.46,12.74,0,0,0,0
aten::view,"61440,128;
",,8.28,8.28,0,0,0,0
autograd::engine::evaluate_function: torch::autograd::AccumulateGrad,,,6.24,61.17,0,27.94,0,0
torch::autograd::AccumulateGrad,"2560,3072",,21.31,54.93,0,27.94,0,0
aten::add_,"2560,3072;
2560,3072;
",,16.26,33.62,0,27.94,0,0
aclnnInplaceAdd,,,17.36,17.36,27.94,27.94,0,0
autograd::engine::evaluate_function: WhereBackward0,,,30.37,195.35,0,12.04,0,0
WhereBackward0,"61440,1",,5.99,164.98,0,12.04,0,0
aten::where,"61440,1;
61440,1;
",,18.09,158.99,0,12.04,0,0
aten::scalar_tensor,";
;
;
;
",,13.02,76.16,0,1.2,0,0
aten::empty,";
;
;
;
;
",,5.52,19.59,0,0,0,0
empty_tensor,,,14.07,14.07,0,0,0,0
aten::fill_,";
",,32.86,43.55,0,1.2,0,0
aclnnInplaceFillScalar,,,10.69,10.69,1.2,1.2,0,0
aten::to,"61440,1;
;
;
;
",,4.61,4.61,0,0,0,0
aten::where,"61440,1;
61440,1;
",,36.03,60.13,0,10.84,0,0
empty_tensor,,,13.64,13.64,0,0,0,0
aclnnSWhere,,,10.46,10.46,10.84,10.84,0,0
autograd::engine::evaluate_function: torch::autograd::AccumulateGrad,,,8.51,50.77,0,2.92,0,0
torch::autograd::AccumulateGrad,"61440,1",,16.41,42.26,0,2.92,0,0
aten::add_,"61440,1;
61440,1;
",,15.09,25.85,0,2.92,0,0
aclnnInplaceAdd,,,10.76,10.76,2.92,2.92,0,0
aten::empty,";
;
;
;
;
",,13.64,13.64,0,0,0,0
aten::to,";
;
;
;
;
",,4.54,115.37,0,0,0,0
aten::_to_copy,";
;
;
;
;
;
",,10.21,110.83,0,0,0,0
aten::empty_strided,";
;
;
;
;
",,19.75,26.06,0,0,0,0
empty_tensor,,,6.31,6.31,0,0,0,0
aten::copy_,";
;
",,74.56,74.56,0,0,0,0
aten::lift_fresh,,,1.87,1.87,0,0,0,0
aten::detach_,,,2.69,5.65,0,0,0,0
detach_,,,2.96,2.96,0,0,0,0
aten::to,";
;
;
;
",,3.34,3.34,0,0,0,0
aten::gt,"61440,1;
",,54.51,94.37,0,13.76,0,0
empty_tensor,,,23.09,23.09,0,0,0,0
aclnnGtTensor,,,16.77,16.77,13.76,13.76,0,0
aten::where,"61440,1;
61440,1;
",,40.94,65.8,0,19.22,0,0
empty_tensor,,,11.07,11.07,0,0,0,0
aclnnSWhere,,,13.79,13.79,19.22,19.22,0,0
aten::view,"2560,3072;
",,15.24,15.24,0,0,0,0
aten::sub,"61440,128;
61440,1;
",,23.79,61.17,0,50.82,0,0
empty_tensor,,,12.45,12.45,0,0,0,0
aclnnSub,,,24.93,24.93,50.82,50.82,0,0
aten::mul,"61440,1;
",,41.51,79.97,0,16.76,0,0
empty_tensor,,,19.11,19.11,0,0,0,0
aten::item,,,2.92,4.54,0,0,0,0
aten::_local_scalar_dense,,,1.62,1.62,0,0,0,0
aclnnMuls,,,14.81,14.81,16.76,16.76,0,0
aten::div,"61440,128;
61440,1",,24.27,47.07,0,48.6,0,0
empty_tensor,,,10.95,10.95,0,0,0,0
aclnnDiv,,,11.85,11.85,48.6,48.6,0,0
aten::sub,"61440,128;
;
",,23.7,60.07,0,16.68,0,0
empty_tensor,,,12.33,12.33,0,0,0,0
aten::item,,,2.39,4.03,0,0,0,0
aten::_local_scalar_dense,,,1.64,1.64,0,0,0,0
aclnnSubs,,,20.01,20.01,16.68,16.68,0,0
aten::relu,"61440,128",,23.85,51.04,0,13.58,0,0
empty_tensor,,,11.41,11.41,0,0,0,0
aclnnRelu,,,15.78,15.78,13.58,13.58,0,0
aten::add,"61440,128;
;
",,24.11,53.15,0,15.74,0,0
empty_tensor,,,10.59,10.59,0,0,0,0
aten::item,,,2.48,4.06,0,0,0,0
aten::_local_scalar_dense,,,1.58,1.58,0,0,0,0
aclnnAdds,,,14.39,14.39,15.74,15.74,0,0
aten::rsub,"61440,128;
;
",,28.44,54.45,0,14.62,0,0
empty_tensor,,,11.55,11.55,0,0,0,0
aclnnRsubs,,,14.46,14.46,14.62,14.62,0,0
aten::relu,"61440,128",,23.77,47.02,0,9.26,0,0
empty_tensor,,,11.7,11.7,0,0,0,0
aclnnRelu,,,11.55,11.55,9.26,9.26,0,0
aten::rsub,"61440,128;
;
",,20.82,60.54,0,13.06,0,0
empty_tensor,,,17.53,17.53,0,0,0,0
aclnnRsubs,,,22.19,22.19,13.06,13.06,0,0
aten::mul,"61440,128;
",,38.06,69.82,0,47.120000000000005,0,0
empty_tensor,,,10.72,10.72,0,0,0,0
aten::item,,,3.27,4.97,0,0,0,0
aten::_local_scalar_dense,,,1.7,1.7,0,0,0,0
aclnnMuls,,,16.07,16.07,47.120000000000005,47.120000000000005,0,0
aten::sub,"61440,128;
;
",,23.97,50.03,0,14.7,0,0
empty_tensor,,,9.12,9.12,0,0,0,0
aten::item,,,2.33,3.76,0,0,0,0
aten::_local_scalar_dense,,,1.43,1.43,0,0,0,0
aclnnSubs,,,13.18,13.18,14.7,14.7,0,0
aten::round,"61440,128",,18.45,40.33,0,14.34,0,0
empty_tensor,,,10.95,10.95,0,0,0,0
aclnnRound,,,10.93,10.93,14.34,14.34,0,0
aten::sub,"61440,128;
61440,128;
",,19.33,41.21,0,20.06,0,0
empty_tensor,,,10.54,10.54,0,0,0,0
aclnnSub,,,11.34,11.34,20.06,20.06,0,0
aten::detach,"61440,128",,2.87,13.78,0,0,0,0
detach,"61440,128",,10.91,10.91,0,0,0,0
aten::add,"61440,128;
61440,128;
",,20.38,41.61,0,20.68,0,0
empty_tensor,,,10.22,10.22,0,0,0,0
aclnnAdd,,,11.01,11.01,20.68,20.68,0,0
aten::add,"61440,128;
;
",,25.81,52.17,0,13.1,0,0
empty_tensor,,,10.52,10.52,0,0,0,0
aten::item,,,3.49,5.2,0,0,0,0
aten::_local_scalar_dense,,,1.71,1.71,0,0,0,0
aclnnAdds,,,10.64,10.64,13.1,13.1,0,0
aten::div,"61440,128;
",,27.14,60.54,0,18.92,0,0
empty_tensor,,,12.99,12.99,0,0,0,0
aten::item,,,2.57,4.14,0,0,0,0
aten::_local_scalar_dense,,,1.57,1.57,0,0,0,0
aclnnDivs,,,16.27,16.27,18.92,18.92,0,0
aten::mul,"61440,128;
61440,1",,26.09,47.89,0,44.06,0,0
empty_tensor,,,11.88,11.88,0,0,0,0
aclnnMul,,,9.92,9.92,44.06,44.06,0,0
aten::add,"61440,128;
61440,1;
",,22.47,43.13,0,44.7,0,0
empty_tensor,,,10.69,10.69,0,0,0,0
aclnnAdd,,,9.97,9.97,44.7,44.7,0,0
aten::view,"61440,128;
",,15.67,15.67,0,0,0,0
autograd::engine::evaluate_function: ViewBackward0,,,11.97,34.29,0,0,0,0
ViewBackward0,"2560,3072",,6.74,22.32,0,0,0,0
aten::reshape,"2560,3072;
",,5.83,15.58,0,0,0,0
aten::view,"2560,3072;
",,9.75,9.75,0,0,0,0
autograd::engine::evaluate_function: AddBackward0,,,14.45,88.59,0,26.32,0,0
AddBackward0,"61440,128",,2.73,2.73,0,0,0,0
aten::sum,"61440,128;
;
;
",,34.38,71.41,0,26.32,0,0
empty_tensor,,,17.2,17.2,0,0,0,0
aclnnReduceSum,,,19.83,19.83,26.32,26.32,0,0
autograd::engine::evaluate_function: MulBackward0,,,32.99,174.81,0,91.9,0,0
MulBackward0,"61440,128",,8.95,91.57,0,74.64,0,0
aten::mul,"61440,128;
61440,128",,18.83,47.69,0,27.06,0,0
empty_tensor,,,16.17,16.17,0,0,0,0
aclnnMul,,,12.69,12.69,27.06,27.06,0,0
aten::mul,"61440,128;
61440,1",,13.68,34.93,0,47.58,0,0
empty_tensor,,,10.51,10.51,0,0,0,0
aclnnMul,,,10.74,10.74,47.58,47.58,0,0
aten::sum,"61440,128;
;
;
",,29.95,50.25,0,17.26,0,0
empty_tensor,,,10.24,10.24,0,0,0,0
aclnnReduceSum,,,10.06,10.06,17.26,17.26,0,0
autograd::engine::evaluate_function: DivBackward0,,,19.68,70.35,0,18.46,0,0
DivBackward0,"61440,128",,6.01,50.67,0,18.46,0,0
aten::div,"61440,128;
",,18.36,44.66,0,18.46,0,0
empty_tensor,,,10.6,10.6,0,0,0,0
aten::item,,,2.81,4.66,0,0,0,0
aten::_local_scalar_dense,,,1.85,1.85,0,0,0,0
aclnnDivs,,,11.04,11.04,18.46,18.46,0,0
autograd::engine::evaluate_function: AddBackward0,,,6.47,8.39,0,0,0,0
AddBackward0,"61440,128",,1.92,1.92,0,0,0,0
autograd::engine::evaluate_function: AddBackward0,,,5.09,7.02,0,0,0,0
AddBackward0,"61440,128",,1.93,1.93,0,0,0,0
autograd::engine::evaluate_function: SubBackward0,,,4.64,6.37,0,0,0,0
SubBackward0,"61440,128",,1.73,1.73,0,0,0,0
autograd::engine::evaluate_function: MulBackward0,,,15.71,98.0,0,50.48,0,0
MulBackward0,"61440,128",,4.73,82.29,0,50.48,0,0
aten::mul,"61440,128;
",,30.08,77.56,0,50.48,0,0
empty_tensor,,,10.64,10.64,0,0,0,0
aten::item,,,1.81,3.45,0,0,0,0
aten::_local_scalar_dense,,,1.64,1.64,0,0,0,0
aclnnMuls,,,33.39,33.39,50.48,50.48,0,0
autograd::engine::evaluate_function: RsubBackward1,,,14.76,56.04,0,17.18,0,0
RsubBackward1,"61440,128",,4.57,41.28,0,17.18,0,0
aten::neg,"61440,128",,15.22,36.71,0,17.18,0,0
empty_tensor,,,10.53,10.53,0,0,0,0
aclnnNeg,,,10.96,10.96,17.18,17.18,0,0
autograd::engine::evaluate_function: ReluBackward0,,,20.52,68.03,0,33.46,0,0
ReluBackward0,"61440,128",,8.32,47.51,0,33.46,0,0
aten::threshold_backward,"61440,128;
61440,128;
",,18.05,39.19,0,33.46,0,0
empty_tensor,,,10.11,10.11,0,0,0,0
aclnnThresholdBackward,,,11.03,11.03,33.46,33.46,0,0
autograd::engine::evaluate_function: RsubBackward1,,,14.73,78.5,0,9.44,0,0
RsubBackward1,"61440,128",,24.96,63.77,0,9.44,0,0
aten::neg,"61440,128",,15.34,38.81,0,9.44,0,0
empty_tensor,,,11.81,11.81,0,0,0,0
aclnnNeg,,,11.66,11.66,9.44,9.44,0,0
autograd::engine::evaluate_function: AddBackward0,,,6.31,8.31,0,0,0,0
AddBackward0,"61440,128",,2.0,2.0,0,0,0,0
autograd::engine::evaluate_function: ReluBackward0,,,20.0,65.01,0,30.04,0,0
ReluBackward0,"61440,128",,6.85,45.01,0,30.04,0,0
aten::threshold_backward,"61440,128;
61440,128;
",,16.68,38.16,0,30.04,0,0
empty_tensor,,,10.69,10.69,0,0,0,0
aclnnThresholdBackward,,,10.79,10.79,30.04,30.04,0,0
autograd::engine::evaluate_function: SubBackward0,,,5.8,7.54,0,0,0,0
SubBackward0,"61440,128",,1.74,1.74,0,0,0,0
autograd::engine::evaluate_function: DivBackward0,,,54.15,359.83,0,191.01999999999998,0,0
DivBackward0,"61440,128",,31.87,232.88,0,159.32,0,0
aten::neg,"61440,128",,24.28,46.22,0,9.6,0,0
empty_tensor,,,10.19,10.19,0,0,0,0
aclnnNeg,,,11.75,11.75,9.6,9.6,0,0
aten::div,"61440,128;
61440,1",,17.24,40.3,0,52.68,0,0
empty_tensor,,,11.3,11.3,0,0,0,0
aclnnDiv,,,11.76,11.76,52.68,52.68,0,0
aten::div,"61440,128;
61440,1",,12.08,31.59,0,34.8,0,0
empty_tensor,,,9.35,9.35,0,0,0,0
aclnnDiv,,,10.16,10.16,34.8,34.8,0,0
aten::mul,"61440,128;
61440,128",,13.04,51.35,0,26.84,0,0
empty_tensor,,,9.69,9.69,0,0,0,0
aclnnMul,,,28.62,28.62,26.84,26.84,0,0
aten::div,"61440,128;
61440,1",,13.77,31.55,0,35.4,0,0
empty_tensor,,,8.01,8.01,0,0,0,0
aclnnDiv,,,9.77,9.77,35.4,35.4,0,0
aten::sum,"61440,128;
;
;
",,27.95,48.49,0,24.08,0,0
empty_tensor,,,10.2,10.2,0,0,0,0
aclnnReduceSum,,,10.34,10.34,24.08,24.08,0,0
aten::add_,"61440,1;
61440,1;
",,15.14,24.31,0,7.62,0,0
aclnnInplaceAdd,,,9.17,9.17,7.62,7.62,0,0
autograd::engine::evaluate_function: MulBackward0,,,18.96,80.02,0,20.560000000000002,0,0
MulBackward0,"61440,1",,5.99,61.06,0,20.560000000000002,0,0
aten::mul,"61440,1;
",,29.52,55.07,0,20.560000000000002,0,0
empty_tensor,,,10.5,10.5,0,0,0,0
aten::item,,,2.93,4.61,0,0,0,0
aten::_local_scalar_dense,,,1.68,1.68,0,0,0,0
aclnnMuls,,,10.44,10.44,20.560000000000002,20.560000000000002,0,0
autograd::engine::evaluate_function: SubBackward0,,,29.63,155.23,0,41.92,0,0
SubBackward0,"61440,128",,4.45,39.26,0,14.02,0,0
aten::neg,"61440,128",,13.16,34.81,0,14.02,0,0
empty_tensor,,,10.87,10.87,0,0,0,0
aclnnNeg,,,10.78,10.78,14.02,14.02,0,0
aten::sum,"61440,128;
;
;
",,28.23,48.98,0,20.54,0,0
empty_tensor,,,10.2,10.2,0,0,0,0
aclnnReduceSum,,,10.55,10.55,20.54,20.54,0,0
aten::add_,"61440,1;
61440,1;
",,13.94,37.36,0,7.36,0,0
aclnnInplaceAdd,,,23.42,23.42,7.36,7.36,0,0
autograd::engine::evaluate_function: torch::autograd::AccumulateGrad,,,8.96,49.3,0,2.72,0,0
torch::autograd::AccumulateGrad,"61440,1",,16.45,40.34,0,2.72,0,0
aten::add_,"61440,1;
61440,1;
",,13.45,23.89,0,2.72,0,0
aclnnInplaceAdd,,,10.44,10.44,2.72,2.72,0,0
autograd::engine::evaluate_function: ViewBackward0,,,7.39,26.18,0,0,0,0
ViewBackward0,"61440,128",,5.12,18.79,0,0,0,0
aten::reshape,"61440,128;
",,4.52,13.67,0,0,0,0
aten::view,"61440,128;
",,9.15,9.15,0,0,0,0
autograd::engine::evaluate_function: torch::autograd::AccumulateGrad,,,5.9,46.65,0,31.16,0,0
torch::autograd::AccumulateGrad,"2560,3072",,15.17,40.75,0,31.16,0,0
aten::add_,"2560,3072;
2560,3072;
",,14.32,25.58,0,31.16,0,0
aclnnInplaceAdd,,,11.26,11.26,31.16,31.16,0,0
autograd::engine::evaluate_function: WhereBackward0,,,26.95,158.54,0,11.7,0,0
WhereBackward0,"61440,1",,5.12,131.59,0,11.7,0,0
aten::where,"61440,1;
61440,1;
",,15.45,126.47,0,11.7,0,0
aten::scalar_tensor,";
;
;
;
",,7.8,70.1,0,1.04,0,0
aten::empty,";
;
;
;
;
",,4.61,17.81,0,0,0,0
empty_tensor,,,13.2,13.2,0,0,0,0
aten::fill_,";
",,32.78,44.49,0,1.04,0,0
aclnnInplaceFillScalar,,,11.71,11.71,1.04,1.04,0,0
aten::to,"61440,1;
;
;
;
",,3.42,3.42,0,0,0,0
aten::where,"61440,1;
61440,1;
",,15.26,37.5,0,10.66,0,0
empty_tensor,,,12.28,12.28,0,0,0,0
aclnnSWhere,,,9.96,9.96,10.66,10.66,0,0
autograd::engine::evaluate_function: torch::autograd::AccumulateGrad,,,23.57,66.64,0,2.6,0,0
torch::autograd::AccumulateGrad,"61440,1",,16.48,43.07,0,2.6,0,0
aten::add_,"61440,1;
61440,1;
",,15.88,26.59,0,2.6,0,0
aclnnInplaceAdd,,,10.71,10.71,2.6,2.6,0,0
aten::empty,";
;
;
;
;
",,21.54,21.54,0,0,0,0
aten::to,";
;
;
;
;
",,4.12,113.89,0,0,0,0
aten::_to_copy,";
;
;
;
;
;
",,10.36,109.77,0,0,0,0
aten::empty_strided,";
;
;
;
;
",,18.65,24.58,0,0,0,0
empty_tensor,,,5.93,5.93,0,0,0,0
aten::copy_,";
;
",,74.83,74.83,0,0,0,0
aten::lift_fresh,,,2.58,2.58,0,0,0,0
aten::detach_,,,2.17,6.36,0,0,0,0
detach_,,,4.19,4.19,0,0,0,0
aten::to,";
;
;
;
",,3.25,3.25,0,0,0,0
aten::gt,"61440,1;
",,34.54,69.11,0,13.899999999999999,0,0
empty_tensor,,,14.23,14.23,0,0,0,0
aclnnGtTensor,,,20.34,20.34,13.899999999999999,13.899999999999999,0,0
aten::where,"61440,1;
61440,1;
",,39.19,67.46,0,19.06,0,0
empty_tensor,,,13.97,13.97,0,0,0,0
aclnnSWhere,,,14.3,14.3,19.06,19.06,0,0
aten::view,"2560,3072;
",,15.1,15.1,0,0,0,0
aten::sub,"61440,128;
61440,1;
",,23.14,63.23,0,46.7,0,0
empty_tensor,,,12.15,12.15,0,0,0,0
aclnnSub,,,27.94,27.94,46.7,46.7,0,0
aten::mul,"61440,1;
",,40.43,74.14,0,16.64,0,0
empty_tensor,,,13.26,13.26,0,0,0,0
aten::item,,,3.22,5.48,0,0,0,0
aten::_local_scalar_dense,,,2.26,2.26,0,0,0,0
aclnnMuls,,,14.97,14.97,16.64,16.64,0,0
aten::div,"61440,128;
61440,1",,23.49,45.32,0,48.04,0,0
empty_tensor,,,10.37,10.37,0,0,0,0
aclnnDiv,,,11.46,11.46,48.04,48.04,0,0
aten::sub,"61440,128;
;
",,23.82,54.45,0,16.78,0,0
empty_tensor,,,11.61,11.61,0,0,0,0
aten::item,,,3.59,5.21,0,0,0,0
aten::_local_scalar_dense,,,1.62,1.62,0,0,0,0
aclnnSubs,,,13.81,13.81,16.78,16.78,0,0
aten::relu,"61440,128",,23.12,46.81,0,13.4,0,0
empty_tensor,,,12.31,12.31,0,0,0,0
aclnnRelu,,,11.38,11.38,13.4,13.4,0,0
aten::add,"61440,128;
;
",,23.8,48.7,0,18.08,0,0
empty_tensor,,,9.29,9.29,0,0,0,0
aten::item,,,2.83,4.49,0,0,0,0
aten::_local_scalar_dense,,,1.66,1.66,0,0,0,0
aclnnAdds,,,11.12,11.12,18.08,18.08,0,0
aten::rsub,"61440,128;
;
",,20.3,42.26,0,14.58,0,0
empty_tensor,,,10.46,10.46,0,0,0,0
aclnnRsubs,,,11.5,11.5,14.58,14.58,0,0
aten::relu,"61440,128",,22.23,58.34,0,9.2,0,0
empty_tensor,,,13.01,13.01,0,0,0,0
aclnnRelu,,,23.1,23.1,9.2,9.2,0,0
aten::rsub,"61440,128;
;
",,20.39,41.69,0,12.36,0,0
empty_tensor,,,10.75,10.75,0,0,0,0
aclnnRsubs,,,10.55,10.55,12.36,12.36,0,0
aten::mul,"61440,128;
",,37.0,64.61,0,47.019999999999996,0,0
empty_tensor,,,10.14,10.14,0,0,0,0
aten::item,,,3.18,5.17,0,0,0,0
aten::_local_scalar_dense,,,1.99,1.99,0,0,0,0
aclnnMuls,,,12.3,12.3,47.019999999999996,47.019999999999996,0,0
aten::sub,"61440,128;
;
",,23.27,49.48,0,14.06,0,0
empty_tensor,,,10.34,10.34,0,0,0,0
aten::item,,,2.49,3.9,0,0,0,0
aten::_local_scalar_dense,,,1.41,1.41,0,0,0,0
aclnnSubs,,,11.97,11.97,14.06,14.06,0,0
aten::round,"61440,128",,18.35,38.04,0,14.62,0,0
empty_tensor,,,8.74,8.74,0,0,0,0
aclnnRound,,,10.95,10.95,14.62,14.62,0,0
aten::sub,"61440,128;
61440,128;
",,19.42,41.7,0,20.76,0,0
empty_tensor,,,11.77,11.77,0,0,0,0
aclnnSub,,,10.51,10.51,20.76,20.76,0,0
aten::detach,"61440,128",,2.86,9.07,0,0,0,0
detach,"61440,128",,6.21,6.21,0,0,0,0
aten::add,"61440,128;
61440,128;
",,20.03,42.08,0,20.24,0,0
empty_tensor,,,10.13,10.13,0,0,0,0
aclnnAdd,,,11.92,11.92,20.24,20.24,0,0
aten::add,"61440,128;
;
",,22.89,48.89,0,13.04,0,0
empty_tensor,,,9.52,9.52,0,0,0,0
aten::item,,,2.59,4.37,0,0,0,0
aten::_local_scalar_dense,,,1.78,1.78,0,0,0,0
aclnnAdds,,,12.11,12.11,13.04,13.04,0,0
aten::div,"61440,128;
",,24.69,62.15,0,18.84,0,0
empty_tensor,,,11.59,11.59,0,0,0,0
aten::item,,,2.3,3.72,0,0,0,0
aten::_local_scalar_dense,,,1.42,1.42,0,0,0,0
aclnnDivs,,,22.15,22.15,18.84,18.84,0,0
aten::mul,"61440,128;
61440,1",,23.51,43.24,0,46.14,0,0
empty_tensor,,,9.27,9.27,0,0,0,0
aclnnMul,,,10.46,10.46,46.14,46.14,0,0
aten::add,"61440,128;
61440,1;
",,20.23,40.06,0,45.72,0,0
empty_tensor,,,9.71,9.71,0,0,0,0
aclnnAdd,,,10.12,10.12,45.72,45.72,0,0
aten::view,"61440,128;
",,17.18,17.18,0,0,0,0
autograd::engine::evaluate_function: ViewBackward0,,,17.04,40.14,0,0,0,0
ViewBackward0,"2560,3072",,7.18,23.1,0,0,0,0
aten::reshape,"2560,3072;
",,4.99,15.92,0,0,0,0
aten::view,"2560,3072;
",,10.93,10.93,0,0,0,0
autograd::engine::evaluate_function: AddBackward0,,,13.93,89.84,0,31.5,0,0
AddBackward0,"61440,128",,3.03,3.03,0,0,0,0
aten::sum,"61440,128;
;
;
",,35.8,72.88,0,31.5,0,0
empty_tensor,,,17.69,17.69,0,0,0,0
aclnnReduceSum,,,19.39,19.39,31.5,31.5,0,0
autograd::engine::evaluate_function: MulBackward0,,,31.59,173.5,0,90.14,0,0
MulBackward0,"61440,128",,8.93,94.41,0,72.9,0,0
aten::mul,"61440,128;
61440,128",,26.66,50.78,0,27.04,0,0
empty_tensor,,,12.12,12.12,0,0,0,0
aclnnMul,,,12.0,12.0,27.04,27.04,0,0
aten::mul,"61440,128;
61440,1",,13.66,34.7,0,45.86,0,0
empty_tensor,,,10.34,10.34,0,0,0,0
aclnnMul,,,10.7,10.7,45.86,45.86,0,0
aten::sum,"61440,128;
;
;
",,27.03,47.5,0,17.24,0,0
empty_tensor,,,10.4,10.4,0,0,0,0
aclnnReduceSum,,,10.07,10.07,17.24,17.24,0,0
autograd::engine::evaluate_function: DivBackward0,,,42.5,123.83,0,18.5,0,0
DivBackward0,"61440,128",,5.59,81.33,0,18.5,0,0
aten::div,"61440,128;
",,20.06,75.74,0,18.5,0,0
empty_tensor,,,25.07,25.07,0,0,0,0
aten::item,,,3.5,5.83,0,0,0,0
aten::_local_scalar_dense,,,2.33,2.33,0,0,0,0
aclnnDivs,,,24.78,24.78,18.5,18.5,0,0
autograd::engine::evaluate_function: AddBackward0,,,8.63,20.39,0,0,0,0
AddBackward0,"61440,128",,11.76,11.76,0,0,0,0
autograd::engine::evaluate_function: AddBackward0,,,12.05,14.55,0,0,0,0
AddBackward0,"61440,128",,2.5,2.5,0,0,0,0
autograd::engine::evaluate_function: SubBackward0,,,4.91,6.43,0,0,0,0
SubBackward0,"61440,128",,1.52,1.52,0,0,0,0
autograd::engine::evaluate_function: MulBackward0,,,15.42,97.34,0,50.76,0,0
MulBackward0,"61440,128",,5.49,81.92,0,50.76,0,0
aten::mul,"61440,128;
",,34.68,76.43,0,50.76,0,0
empty_tensor,,,13.4,13.4,0,0,0,0
aten::item,,,2.11,4.01,0,0,0,0
aten::_local_scalar_dense,,,1.9,1.9,0,0,0,0
aclnnMuls,,,24.34,24.34,50.76,50.76,0,0
autograd::engine::evaluate_function: RsubBackward1,,,16.76,76.81,0,14.48,0,0
RsubBackward1,"61440,128",,4.65,60.05,0,14.48,0,0
aten::neg,"61440,128",,30.96,55.4,0,14.48,0,0
empty_tensor,,,11.06,11.06,0,0,0,0
aclnnNeg,,,13.38,13.38,14.48,14.48,0,0
autograd::engine::evaluate_function: ReluBackward0,,,21.36,72.08,0,32.48,0,0
ReluBackward0,"61440,128",,8.86,50.72,0,32.48,0,0
aten::threshold_backward,"61440,128;
61440,128;
",,18.82,41.86,0,32.48,0,0
empty_tensor,,,10.98,10.98,0,0,0,0
aclnnThresholdBackward,,,12.06,12.06,32.48,32.48,0,0
autograd::engine::evaluate_function: RsubBackward1,,,30.94,76.09,0,9.72,0,0
RsubBackward1,"61440,128",,5.27,45.15,0,9.72,0,0
aten::neg,"61440,128",,15.64,39.88,0,9.72,0,0
empty_tensor,,,12.26,12.26,0,0,0,0
aclnnNeg,,,11.98,11.98,9.72,9.72,0,0
autograd::engine::evaluate_function: AddBackward0,,,6.58,8.8,0,0,0,0
AddBackward0,"61440,128",,2.22,2.22,0,0,0,0
autograd::engine::evaluate_function: ReluBackward0,,,24.15,87.42,0,29.38,0,0
ReluBackward0,"61440,128",,7.62,63.27,0,29.38,0,0
aten::threshold_backward,"61440,128;
61440,128;
",,18.23,55.65,0,29.38,0,0
empty_tensor,,,18.99,18.99,0,0,0,0
aclnnThresholdBackward,,,18.43,18.43,29.38,29.38,0,0
autograd::engine::evaluate_function: SubBackward0,,,6.48,8.7,0,0,0,0
SubBackward0,"61440,128",,2.22,2.22,0,0,0,0
autograd::engine::evaluate_function: DivBackward0,,,57.58,387.33,0,190.16,0,0
DivBackward0,"61440,128",,45.5,245.46,0,159.04,0,0
aten::neg,"61440,128",,13.7,37.35,0,9.3,0,0
empty_tensor,,,11.39,11.39,0,0,0,0
aclnnNeg,,,12.26,12.26,9.3,9.3,0,0
aten::div,"61440,128;
61440,1",,17.52,52.43,0,52.72,0,0
empty_tensor,,,10.5,10.5,0,0,0,0
aclnnDiv,,,24.41,24.41,52.72,52.72,0,0
aten::div,"61440,128;
61440,1",,14.21,42.59,0,35.24,0,0
empty_tensor,,,9.91,9.91,0,0,0,0
aclnnDiv,,,18.47,18.47,35.24,35.24,0,0
aten::mul,"61440,128;
61440,128",,14.14,33.56,0,26.9,0,0
empty_tensor,,,9.86,9.86,0,0,0,0
aclnnMul,,,9.56,9.56,26.9,26.9,0,0
aten::div,"61440,128;
61440,1",,15.7,34.03,0,34.88,0,0
empty_tensor,,,8.22,8.22,0,0,0,0
aclnnDiv,,,10.11,10.11,34.88,34.88,0,0
aten::sum,"61440,128;
;
;
",,28.24,58.37,0,23.6,0,0
empty_tensor,,,9.94,9.94,0,0,0,0
aclnnReduceSum,,,20.19,20.19,23.6,23.6,0,0
aten::add_,"61440,1;
61440,1;
",,15.87,25.92,0,7.52,0,0
aclnnInplaceAdd,,,10.05,10.05,7.52,7.52,0,0
autograd::engine::evaluate_function: MulBackward0,,,20.77,116.84,0,20.28,0,0
MulBackward0,"61440,1",,26.87,96.07,0,20.28,0,0
aten::mul,"61440,1;
",,36.64,69.2,0,20.28,0,0
empty_tensor,,,13.35,13.35,0,0,0,0
aten::item,,,3.29,5.4,0,0,0,0
aten::_local_scalar_dense,,,2.11,2.11,0,0,0,0
aclnnMuls,,,13.81,13.81,20.28,20.28,0,0
autograd::engine::evaluate_function: SubBackward0,,,43.38,204.48,0,46.92,0,0
SubBackward0,"61440,128",,4.96,61.11,0,14.14,0,0
aten::neg,"61440,128",,20.29,56.15,0,14.14,0,0
empty_tensor,,,19.3,19.3,0,0,0,0
aclnnNeg,,,16.56,16.56,14.14,14.14,0,0
aten::sum,"61440,128;
;
;
",,35.26,67.38,0,20.56,0,0
empty_tensor,,,12.13,12.13,0,0,0,0
aclnnReduceSum,,,19.99,19.99,20.56,20.56,0,0
aten::add_,"61440,1;
61440,1;
",,23.24,32.61,0,12.22,0,0
aclnnInplaceAdd,,,9.37,9.37,12.22,12.22,0,0
autograd::engine::evaluate_function: torch::autograd::AccumulateGrad,,,10.25,73.02,0,2.5,0,0
torch::autograd::AccumulateGrad,"61440,1",,27.35,62.77,0,2.5,0,0
aten::add_,"61440,1;
61440,1;
",,22.52,35.42,0,2.5,0,0
aclnnInplaceAdd,,,12.9,12.9,2.5,2.5,0,0
autograd::engine::evaluate_function: ViewBackward0,,,8.5,40.89,0,0,0,0
ViewBackward0,"61440,128",,7.85,32.39,0,0,0,0
aten::reshape,"61440,128;
",,15.59,24.54,0,0,0,0
aten::view,"61440,128;
",,8.95,8.95,0,0,0,0
autograd::engine::evaluate_function: torch::autograd::AccumulateGrad,,,6.77,57.75,0,27.5,0,0
torch::autograd::AccumulateGrad,"2560,3072",,17.58,50.98,0,27.5,0,0
aten::add_,"2560,3072;
2560,3072;
",,19.5,33.4,0,27.5,0,0
aclnnInplaceAdd,,,13.9,13.9,27.5,27.5,0,0
autograd::engine::evaluate_function: WhereBackward0,,,27.28,150.07,0,11.879999999999999,0,0
WhereBackward0,"61440,1",,5.95,122.79,0,11.879999999999999,0,0
aten::where,"61440,1;
61440,1;
",,16.02,116.84,0,11.879999999999999,0,0
aten::scalar_tensor,";
;
;
;
",,10.14,58.77,0,1.02,0,0
aten::empty,";
;
;
;
;
",,4.65,18.11,0,0,0,0
empty_tensor,,,13.46,13.46,0,0,0,0
aten::fill_,";
",,15.94,30.52,0,1.02,0,0
aclnnInplaceFillScalar,,,14.58,14.58,1.02,1.02,0,0
aten::to,"61440,1;
;
;
;
",,3.57,3.57,0,0,0,0
aten::where,"61440,1;
61440,1;
",,16.38,38.48,0,10.86,0,0
empty_tensor,,,11.13,11.13,0,0,0,0
aclnnSWhere,,,10.97,10.97,10.86,10.86,0,0
autograd::engine::evaluate_function: torch::autograd::AccumulateGrad,,,6.96,58.02,0,2.62,0,0
torch::autograd::AccumulateGrad,"61440,1",,24.69,51.06,0,2.62,0,0
aten::add_,"61440,1;
61440,1;
",,15.55,26.37,0,2.62,0,0
aclnnInplaceAdd,,,10.82,10.82,2.62,2.62,0,0
aten::empty,";
;
;
;
;
",,12.76,12.76,0,0,0,0
aten::to,";
;
;
;
;
",,8.36,132.05,0,0,0,0
aten::_to_copy,";
;
;
;
;
;
",,10.76,123.69,0,0,0,0
aten::empty_strided,";
;
;
;
;
",,18.29,24.78,0,0,0,0
empty_tensor,,,6.49,6.49,0,0,0,0
aten::copy_,";
;
",,88.15,88.15,0,0,0,0
aten::lift_fresh,,,1.73,1.73,0,0,0,0
aten::detach_,,,3.07,6.11,0,0,0,0
detach_,,,3.04,3.04,0,0,0,0
aten::to,";
;
;
;
",,3.54,3.54,0,0,0,0
aten::gt,"61440,1;
",,34.41,67.04,0,13.719999999999999,0,0
empty_tensor,,,13.92,13.92,0,0,0,0
aclnnGtTensor,,,18.71,18.71,13.719999999999999,13.719999999999999,0,0
aten::where,"61440,1;
61440,1;
",,40.45,76.05,0,19.26,0,0
empty_tensor,,,9.77,9.77,0,0,0,0
aclnnSWhere,,,25.83,25.83,19.26,19.26,0,0
aten::view,"2560,3072;
",,15.19,15.19,0,0,0,0
aten::sub,"61440,128;
61440,1;
",,38.33,62.18,0,51.22,0,0
empty_tensor,,,13.39,13.39,0,0,0,0
aclnnSub,,,10.46,10.46,51.22,51.22,0,0
aten::mul,"61440,1;
",,36.28,64.76,0,16.72,0,0
empty_tensor,,,11.87,11.87,0,0,0,0
aten::item,,,2.97,5.73,0,0,0,0
aten::_local_scalar_dense,,,2.76,2.76,0,0,0,0
aclnnMuls,,,10.88,10.88,16.72,16.72,0,0
aten::div,"61440,128;
61440,1",,23.09,44.96,0,48.26,0,0
empty_tensor,,,10.68,10.68,0,0,0,0
aclnnDiv,,,11.19,11.19,48.26,48.26,0,0
aten::sub,"61440,128;
;
",,25.08,50.92,0,16.62,0,0
empty_tensor,,,11.21,11.21,0,0,0,0
aten::item,,,2.28,3.94,0,0,0,0
aten::_local_scalar_dense,,,1.66,1.66,0,0,0,0
aclnnSubs,,,10.69,10.69,16.62,16.62,0,0
aten::relu,"61440,128",,22.6,45.04,0,13.42,0,0
empty_tensor,,,12.23,12.23,0,0,0,0
aclnnRelu,,,10.21,10.21,13.42,13.42,0,0
aten::add,"61440,128;
;
",,22.93,47.43,0,15.74,0,0
empty_tensor,,,9.52,9.52,0,0,0,0
aten::item,,,2.74,4.25,0,0,0,0
aten::_local_scalar_dense,,,1.51,1.51,0,0,0,0
aclnnAdds,,,10.73,10.73,15.74,15.74,0,0
aten::rsub,"61440,128;
;
",,21.07,51.5,0,14.6,0,0
empty_tensor,,,11.08,11.08,0,0,0,0
aclnnRsubs,,,19.35,19.35,14.6,14.6,0,0
aten::relu,"61440,128",,21.79,45.08,0,8.96,0,0
empty_tensor,,,11.89,11.89,0,0,0,0
aclnnRelu,,,11.4,11.4,8.96,8.96,0,0
aten::rsub,"61440,128;
;
",,22.76,78.93,0,12.4,0,0
empty_tensor,,,39.06,39.06,0,0,0,0
aclnnRsubs,,,17.11,17.11,12.4,12.4,0,0
aten::mul,"61440,128;
",,40.56,72.62,0,47.88,0,0
empty_tensor,,,11.39,11.39,0,0,0,0
aten::item,,,3.54,5.36,0,0,0,0
aten::_local_scalar_dense,,,1.82,1.82,0,0,0,0
aclnnMuls,,,15.31,15.31,47.88,47.88,0,0
aten::sub,"61440,128;
;
",,23.55,50.82,0,14.02,0,0
empty_tensor,,,10.98,10.98,0,0,0,0
aten::item,,,2.42,4.04,0,0,0,0
aten::_local_scalar_dense,,,1.62,1.62,0,0,0,0
aclnnSubs,,,12.25,12.25,14.02,14.02,0,0
aten::round,"61440,128",,18.91,43.64,0,14.48,0,0
empty_tensor,,,10.72,10.72,0,0,0,0
aclnnRound,,,14.01,14.01,14.48,14.48,0,0
aten::sub,"61440,128;
61440,128;
",,19.16,40.4,0,20.26,0,0
empty_tensor,,,10.98,10.98,0,0,0,0
aclnnSub,,,10.26,10.26,20.26,20.26,0,0
aten::detach,"61440,128",,3.91,9.77,0,0,0,0
detach,"61440,128",,5.86,5.86,0,0,0,0
aten::add,"61440,128;
61440,128;
",,20.99,45.49,0,20.34,0,0
empty_tensor,,,10.38,10.38,0,0,0,0
aclnnAdd,,,14.12,14.12,20.34,20.34,0,0
aten::add,"61440,128;
;
",,23.19,65.5,0,12.46,0,0
empty_tensor,,,9.59,9.59,0,0,0,0
aten::item,,,2.72,4.21,0,0,0,0
aten::_local_scalar_dense,,,1.49,1.49,0,0,0,0
aclnnAdds,,,28.51,28.51,12.46,12.46,0,0
aten::div,"61440,128;
",,24.31,50.94,0,18.78,0,0
empty_tensor,,,11.38,11.38,0,0,0,0
aten::item,,,2.25,4.3,0,0,0,0
aten::_local_scalar_dense,,,2.05,2.05,0,0,0,0
aclnnDivs,,,10.95,10.95,18.78,18.78,0,0
aten::mul,"61440,128;
61440,1",,21.66,41.91,0,44.76,0,0
empty_tensor,,,9.56,9.56,0,0,0,0
aclnnMul,,,10.69,10.69,44.76,44.76,0,0
aten::add,"61440,128;
61440,1;
",,20.97,41.97,0,44.98,0,0
empty_tensor,,,10.71,10.71,0,0,0,0
aclnnAdd,,,10.29,10.29,44.98,44.98,0,0
aten::view,"61440,128;
",,14.58,14.58,0,0,0,0
autograd::engine::evaluate_function: ViewBackward0,,,11.29,44.75,0,0,0,0
ViewBackward0,"2560,3072",,17.59,33.46,0,0,0,0
aten::reshape,"2560,3072;
",,5.73,15.87,0,0,0,0
aten::view,"2560,3072;
",,10.14,10.14,0,0,0,0
autograd::engine::evaluate_function: AddBackward0,,,29.97,104.86,0,26.42,0,0
AddBackward0,"61440,128",,3.84,3.84,0,0,0,0
aten::sum,"61440,128;
;
;
",,38.89,71.05,0,26.42,0,0
empty_tensor,,,17.67,17.67,0,0,0,0
aclnnReduceSum,,,14.49,14.49,26.42,26.42,0,0
autograd::engine::evaluate_function: MulBackward0,,,32.43,193.77,0,92.3,0,0
MulBackward0,"61440,128",,21.13,99.73,0,75.0,0,0
aten::mul,"61440,128;
61440,128",,19.08,49.94,0,27.2,0,0
empty_tensor,,,12.8,12.8,0,0,0,0
aclnnMul,,,18.06,18.06,27.2,27.2,0,0
aten::mul,"61440,128;
61440,1",,15.47,28.66,0,47.8,0,0
empty_tensor,,,10.97,10.97,0,0,0,0
aclnnMul,,,2.22,2.22,47.8,47.8,0,0
aten::sum,"61440,128;
;
;
",,30.63,61.61,0,17.3,0,0
empty_tensor,,,10.08,10.08,0,0,0,0
aclnnReduceSum,,,20.9,20.9,17.3,17.3,0,0
autograd::engine::evaluate_function: DivBackward0,,,20.97,78.34,0,18.5,0,0
DivBackward0,"61440,128",,7.15,57.37,0,18.5,0,0
aten::div,"61440,128;
",,18.87,50.22,0,18.5,0,0
empty_tensor,,,10.66,10.66,0,0,0,0
aten::item,,,2.68,5.19,0,0,0,0
aten::_local_scalar_dense,,,2.51,2.51,0,0,0,0
aclnnDivs,,,15.5,15.5,18.5,18.5,0,0
autograd::engine::evaluate_function: AddBackward0,,,6.89,8.96,0,0,0,0
AddBackward0,"61440,128",,2.07,2.07,0,0,0,0
autograd::engine::evaluate_function: AddBackward0,,,5.45,7.55,0,0,0,0
AddBackward0,"61440,128",,2.1,2.1,0,0,0,0
autograd::engine::evaluate_function: SubBackward0,,,5.45,6.89,0,0,0,0
SubBackward0,"61440,128",,1.44,1.44,0,0,0,0
autograd::engine::evaluate_function: MulBackward0,,,15.64,80.85,0,49.739999999999995,0,0
MulBackward0,"61440,128",,5.01,65.21,0,49.739999999999995,0,0
aten::mul,"61440,128;
",,30.75,60.2,0,49.739999999999995,0,0
empty_tensor,,,10.92,10.92,0,0,0,0
aten::item,,,2.41,3.97,0,0,0,0
aten::_local_scalar_dense,,,1.56,1.56,0,0,0,0
aclnnMuls,,,14.56,14.56,49.739999999999995,49.739999999999995,0,0
autograd::engine::evaluate_function: RsubBackward1,,,14.29,56.68,0,14.64,0,0
RsubBackward1,"61440,128",,4.98,42.39,0,14.64,0,0
aten::neg,"61440,128",,15.26,37.41,0,14.64,0,0
empty_tensor,,,10.36,10.36,0,0,0,0
aclnnNeg,,,11.79,11.79,14.64,14.64,0,0
autograd::engine::evaluate_function: ReluBackward0,,,20.34,69.49,0,32.84,0,0
ReluBackward0,"61440,128",,8.38,49.15,0,32.84,0,0
aten::threshold_backward,"61440,128;
61440,128;
",,19.33,40.77,0,32.84,0,0
empty_tensor,,,9.44,9.44,0,0,0,0
aclnnThresholdBackward,,,12.0,12.0,32.84,32.84,0,0
autograd::engine::evaluate_function: RsubBackward1,,,15.18,54.97,0,9.8,0,0
RsubBackward1,"61440,128",,4.14,39.79,0,9.8,0,0
aten::neg,"61440,128",,13.22,35.65,0,9.8,0,0
empty_tensor,,,10.21,10.21,0,0,0,0
aclnnNeg,,,12.22,12.22,9.8,9.8,0,0
autograd::engine::evaluate_function: AddBackward0,,,6.37,8.74,0,0,0,0
AddBackward0,"61440,128",,2.37,2.37,0,0,0,0
autograd::engine::evaluate_function: ReluBackward0,,,20.07,66.63,0,29.96,0,0
ReluBackward0,"61440,128",,7.13,46.56,0,29.96,0,0
aten::threshold_backward,"61440,128;
61440,128;
",,17.53,39.43,0,29.96,0,0
empty_tensor,,,10.24,10.24,0,0,0,0
aclnnThresholdBackward,,,11.66,11.66,29.96,29.96,0,0
autograd::engine::evaluate_function: SubBackward0,,,6.75,9.01,0,0,0,0
SubBackward0,"61440,128",,2.26,2.26,0,0,0,0
autograd::engine::evaluate_function: DivBackward0,,,55.5,345.15,0,192.74,0,0
DivBackward0,"61440,128",,31.91,213.9,0,161.12,0,0
aten::neg,"61440,128",,13.27,35.61,0,9.66,0,0
empty_tensor,,,10.43,10.43,0,0,0,0
aclnnNeg,,,11.91,11.91,9.66,9.66,0,0
aten::div,"61440,128;
61440,1",,16.48,50.02,0,53.6,0,0
empty_tensor,,,9.81,9.81,0,0,0,0
aclnnDiv,,,23.73,23.73,53.6,53.6,0,0
aten::div,"61440,128;
61440,1",,13.8,34.48,0,35.7,0,0
empty_tensor,,,9.54,9.54,0,0,0,0
aclnnDiv,,,11.14,11.14,35.7,35.7,0,0
aten::mul,"61440,128;
61440,128",,13.54,31.55,0,26.88,0,0
empty_tensor,,,8.48,8.48,0,0,0,0
aclnnMul,,,9.53,9.53,26.88,26.88,0,0
aten::div,"61440,128;
61440,1",,13.54,30.33,0,35.28,0,0
empty_tensor,,,7.36,7.36,0,0,0,0
aclnnDiv,,,9.43,9.43,35.28,35.28,0,0
aten::sum,"61440,128;
;
;
",,28.34,48.46,0,24.04,0,0
empty_tensor,,,9.45,9.45,0,0,0,0
aclnnReduceSum,,,10.67,10.67,24.04,24.04,0,0
aten::add_,"61440,1;
61440,1;
",,16.67,27.29,0,7.58,0,0
aclnnInplaceAdd,,,10.62,10.62,7.58,7.58,0,0
autograd::engine::evaluate_function: MulBackward0,,,18.24,80.47,0,20.28,0,0
MulBackward0,"61440,1",,5.71,62.23,0,20.28,0,0
aten::mul,"61440,1;
",,29.2,56.52,0,20.28,0,0
empty_tensor,,,11.1,11.1,0,0,0,0
aten::item,,,2.85,4.66,0,0,0,0
aten::_local_scalar_dense,,,1.81,1.81,0,0,0,0
aclnnMuls,,,11.56,11.56,20.28,20.28,0,0
autograd::engine::evaluate_function: SubBackward0,,,32.08,153.9,0,41.7,0,0
SubBackward0,"61440,128",,5.17,48.67,0,14.06,0,0
aten::neg,"61440,128",,14.05,43.5,0,14.06,0,0
empty_tensor,,,10.11,10.11,0,0,0,0
aclnnNeg,,,19.34,19.34,14.06,14.06,0,0
aten::sum,"61440,128;
;
;
",,28.34,49.15,0,20.58,0,0
empty_tensor,,,10.31,10.31,0,0,0,0
aclnnReduceSum,,,10.5,10.5,20.58,20.58,0,0
aten::add_,"61440,1;
61440,1;
",,14.47,24.0,0,7.06,0,0
aclnnInplaceAdd,,,9.53,9.53,7.06,7.06,0,0
autograd::engine::evaluate_function: torch::autograd::AccumulateGrad,,,9.92,49.88,0,2.94,0,0
torch::autograd::AccumulateGrad,"61440,1",,15.89,39.96,0,2.94,0,0
aten::add_,"61440,1;
61440,1;
",,13.17,24.07,0,2.94,0,0
aclnnInplaceAdd,,,10.9,10.9,2.94,2.94,0,0
autograd::engine::evaluate_function: ViewBackward0,,,7.82,26.24,0,0,0,0
ViewBackward0,"61440,128",,4.87,18.42,0,0,0,0
aten::reshape,"61440,128;
",,4.62,13.55,0,0,0,0
aten::view,"61440,128;
",,8.93,8.93,0,0,0,0
autograd::engine::evaluate_function: torch::autograd::AccumulateGrad,,,5.82,46.49,0,30.9,0,0
torch::autograd::AccumulateGrad,"2560,3072",,15.59,40.67,0,30.9,0,0
aten::add_,"2560,3072;
2560,3072;
",,14.13,25.08,0,30.9,0,0
aclnnInplaceAdd,,,10.95,10.95,30.9,30.9,0,0
autograd::engine::evaluate_function: WhereBackward0,,,48.3,164.53,0,11.6,0,0
WhereBackward0,"61440,1",,5.69,116.23,0,11.6,0,0
aten::where,"61440,1;
61440,1;
",,15.23,110.54,0,11.6,0,0
aten::scalar_tensor,";
;
;
;
",,7.41,60.89,0,0.98,0,0
aten::empty,";
;
;
;
;
",,4.13,16.72,0,0,0,0
empty_tensor,,,12.59,12.59,0,0,0,0
aten::fill_,";
",,18.12,36.76,0,0.98,0,0
aclnnInplaceFillScalar,,,18.64,18.64,0.98,0.98,0,0
aten::to,"61440,1;
;
;
;
",,4.87,4.87,0,0,0,0
aten::where,"61440,1;
61440,1;
",,15.59,29.55,0,10.62,0,0
empty_tensor,,,11.54,11.54,0,0,0,0
aclnnSWhere,,,2.42,2.42,10.62,10.62,0,0
autograd::engine::evaluate_function: torch::autograd::AccumulateGrad,,,7.15,50.95,0,2.9,0,0
torch::autograd::AccumulateGrad,"61440,1",,16.94,43.8,0,2.9,0,0
aten::add_,"61440,1;
61440,1;
",,14.39,26.86,0,2.9,0,0
aclnnInplaceAdd,,,12.47,12.47,2.9,2.9,0,0
aten::empty,";
;
;
;
;
",,12.58,12.58,0,0,0,0
aten::to,";
;
;
;
;
",,5.95,117.04,0,0,0,0
aten::_to_copy,";
;
;
;
;
;
",,10.57,111.09,0,0,0,0
aten::empty_strided,";
;
;
;
;
",,18.65,24.96,0,0,0,0
empty_tensor,,,6.31,6.31,0,0,0,0
aten::copy_,";
;
",,75.56,75.56,0,0,0,0
aten::lift_fresh,,,2.09,2.09,0,0,0,0
aten::detach_,,,2.67,5.19,0,0,0,0
detach_,,,2.52,2.52,0,0,0,0
aten::to,";
;
;
;
",,3.68,3.68,0,0,0,0
aten::gt,"61440,1;
",,36.08,80.53,0,13.76,0,0
empty_tensor,,,15.82,15.82,0,0,0,0
aclnnGtTensor,,,28.63,28.63,13.76,13.76,0,0
aten::where,"61440,1;
61440,1;
",,42.18,64.46,0,20.240000000000002,0,0
empty_tensor,,,10.17,10.17,0,0,0,0
aclnnSWhere,,,12.11,12.11,20.240000000000002,20.240000000000002,0,0
aten::view,"2560,3072;
",,16.13,16.13,0,0,0,0
aten::sub,"61440,128;
61440,1;
",,23.49,47.55,0,47.1,0,0
empty_tensor,,,12.56,12.56,0,0,0,0
aclnnSub,,,11.5,11.5,47.1,47.1,0,0
aten::mul,"61440,1;
",,37.87,66.44,0,17.62,0,0
empty_tensor,,,11.65,11.65,0,0,0,0
aten::item,,,2.88,5.13,0,0,0,0
aten::_local_scalar_dense,,,2.25,2.25,0,0,0,0
aclnnMuls,,,11.79,11.79,17.62,17.62,0,0
aten::div,"61440,128;
61440,1",,24.21,45.84,0,48.6,0,0
empty_tensor,,,9.85,9.85,0,0,0,0
aclnnDiv,,,11.78,11.78,48.6,48.6,0,0
aten::sub,"61440,128;
;
",,28.24,58.91,0,16.6,0,0
empty_tensor,,,13.57,13.57,0,0,0,0
aten::item,,,2.61,4.34,0,0,0,0
aten::_local_scalar_dense,,,1.73,1.73,0,0,0,0
aclnnSubs,,,12.76,12.76,16.6,16.6,0,0
aten::relu,"61440,128",,23.86,46.7,0,13.54,0,0
empty_tensor,,,11.79,11.79,0,0,0,0
aclnnRelu,,,11.05,11.05,13.54,13.54,0,0
aten::add,"61440,128;
;
",,26.1,59.83,0,15.72,0,0
empty_tensor,,,9.93,9.93,0,0,0,0
aten::item,,,2.63,4.17,0,0,0,0
aten::_local_scalar_dense,,,1.54,1.54,0,0,0,0
aclnnAdds,,,19.63,19.63,15.72,15.72,0,0
aten::rsub,"61440,128;
;
",,22.4,45.22,0,14.58,0,0
empty_tensor,,,10.93,10.93,0,0,0,0
aclnnRsubs,,,11.89,11.89,14.58,14.58,0,0
aten::relu,"61440,128",,22.25,53.71,0,9.0,0,0
empty_tensor,,,19.27,19.27,0,0,0,0
aclnnRelu,,,12.19,12.19,9.0,9.0,0,0
aten::rsub,"61440,128;
;
",,20.31,41.45,0,13.16,0,0
empty_tensor,,,10.62,10.62,0,0,0,0
aclnnRsubs,,,10.52,10.52,13.16,13.16,0,0
aten::mul,"61440,128;
",,37.57,63.93,0,46.68,0,0
empty_tensor,,,10.57,10.57,0,0,0,0
aten::item,,,2.82,4.32,0,0,0,0
aten::_local_scalar_dense,,,1.5,1.5,0,0,0,0
aclnnMuls,,,11.47,11.47,46.68,46.68,0,0
aten::sub,"61440,128;
;
",,29.81,60.35,0,15.12,0,0
empty_tensor,,,10.2,10.2,0,0,0,0
aten::item,,,5.62,8.24,0,0,0,0
aten::_local_scalar_dense,,,2.62,2.62,0,0,0,0
aclnnSubs,,,12.1,12.1,15.12,15.12,0,0
aten::round,"61440,128",,19.44,40.96,0,14.64,0,0
empty_tensor,,,10.73,10.73,0,0,0,0
aclnnRound,,,10.79,10.79,14.64,14.64,0,0
aten::sub,"61440,128;
61440,128;
",,27.54,48.6,0,19.72,0,0
empty_tensor,,,10.8,10.8,0,0,0,0
aclnnSub,,,10.26,10.26,19.72,19.72,0,0
aten::detach,"61440,128",,3.9,10.08,0,0,0,0
detach,"61440,128",,6.18,6.18,0,0,0,0
aten::add,"61440,128;
61440,128;
",,24.41,66.14,0,20.58,0,0
empty_tensor,,,21.3,21.3,0,0,0,0
aclnnAdd,,,20.43,20.43,20.58,20.58,0,0
aten::add,"61440,128;
;
",,78.5,105.64,0,13.42,0,0
empty_tensor,,,9.85,9.85,0,0,0,0
aten::item,,,2.56,5.07,0,0,0,0
aten::_local_scalar_dense,,,2.51,2.51,0,0,0,0
aclnnAdds,,,12.22,12.22,13.42,13.42,0,0
aten::div,"61440,128;
",,28.01,56.12,0,18.88,0,0
empty_tensor,,,13.24,13.24,0,0,0,0
aten::item,,,2.45,3.82,0,0,0,0
aten::_local_scalar_dense,,,1.37,1.37,0,0,0,0
aclnnDivs,,,11.05,11.05,18.88,18.88,0,0
aten::mul,"61440,128;
61440,1",,22.3,42.5,0,45.32,0,0
empty_tensor,,,9.46,9.46,0,0,0,0
aclnnMul,,,10.74,10.74,45.32,45.32,0,0
aten::add,"61440,128;
61440,1;
",,35.19,55.58,0,45.92,0,0
empty_tensor,,,10.4,10.4,0,0,0,0
aclnnAdd,,,9.99,9.99,45.92,45.92,0,0
aten::view,"61440,128;
",,16.16,16.16,0,0,0,0
autograd::engine::evaluate_function: ViewBackward0,,,16.33,39.95,0,0,0,0
ViewBackward0,"2560,3072",,6.8,23.62,0,0,0,0
aten::reshape,"2560,3072;
",,5.6,16.82,0,0,0,0
aten::view,"2560,3072;
",,11.22,11.22,0,0,0,0
autograd::engine::evaluate_function: AddBackward0,,,14.6,91.07,0,30.32,0,0
AddBackward0,"61440,128",,2.97,2.97,0,0,0,0
aten::sum,"61440,128;
;
;
",,36.62,73.5,0,30.32,0,0
empty_tensor,,,18.94,18.94,0,0,0,0
aclnnReduceSum,,,17.94,17.94,30.32,30.32,0,0
autograd::engine::evaluate_function: MulBackward0,,,32.16,154.24,0,90.14,0,0
MulBackward0,"61440,128",,8.16,61.62,0,72.76,0,0
aten::mul,"61440,128;
61440,128",,17.6,32.02,0,27.06,0,0
empty_tensor,,,11.31,11.31,0,0,0,0
aclnnMul,,,3.11,3.11,27.06,27.06,0,0
aten::mul,"61440,128;
61440,1",,10.9,21.44,0,45.7,0,0
empty_tensor,,,8.11,8.11,0,0,0,0
aclnnMul,,,2.43,2.43,45.7,45.7,0,0
aten::sum,"61440,128;
;
;
",,26.28,60.46,0,17.38,0,0
empty_tensor,,,8.76,8.76,0,0,0,0
aclnnReduceSum,,,25.42,25.42,17.38,17.38,0,0
autograd::engine::evaluate_function: DivBackward0,,,20.1,73.92,0,18.58,0,0
DivBackward0,"61440,128",,6.52,53.82,0,18.58,0,0
aten::div,"61440,128;
",,18.48,47.3,0,18.58,0,0
empty_tensor,,,11.31,11.31,0,0,0,0
aten::item,,,2.8,4.33,0,0,0,0
aten::_local_scalar_dense,,,1.53,1.53,0,0,0,0
aclnnDivs,,,13.18,13.18,18.58,18.58,0,0
autograd::engine::evaluate_function: AddBackward0,,,6.3,8.16,0,0,0,0
AddBackward0,"61440,128",,1.86,1.86,0,0,0,0
autograd::engine::evaluate_function: AddBackward0,,,5.0,6.97,0,0,0,0
AddBackward0,"61440,128",,1.97,1.97,0,0,0,0
autograd::engine::evaluate_function: SubBackward0,,,4.7,6.45,0,0,0,0
SubBackward0,"61440,128",,1.75,1.75,0,0,0,0
autograd::engine::evaluate_function: MulBackward0,,,15.51,77.62,0,51.1,0,0
MulBackward0,"61440,128",,4.77,62.11,0,51.1,0,0
aten::mul,"61440,128;
",,30.67,57.34,0,51.1,0,0
empty_tensor,,,10.86,10.86,0,0,0,0
aten::item,,,1.87,3.36,0,0,0,0
aten::_local_scalar_dense,,,1.49,1.49,0,0,0,0
aclnnMuls,,,12.45,12.45,51.1,51.1,0,0
autograd::engine::evaluate_function: RsubBackward1,,,15.74,55.77,0,14.68,0,0
RsubBackward1,"61440,128",,4.37,40.03,0,14.68,0,0
aten::neg,"61440,128",,14.23,35.66,0,14.68,0,0
empty_tensor,,,10.2,10.2,0,0,0,0
aclnnNeg,,,11.23,11.23,14.68,14.68,0,0
autograd::engine::evaluate_function: ReluBackward0,,,20.13,67.18,0,31.72,0,0
ReluBackward0,"61440,128",,8.05,47.05,0,31.72,0,0
aten::threshold_backward,"61440,128;
61440,128;
",,18.42,39.0,0,31.72,0,0
empty_tensor,,,10.15,10.15,0,0,0,0
aclnnThresholdBackward,,,10.43,10.43,31.72,31.72,0,0
autograd::engine::evaluate_function: RsubBackward1,,,14.0,53.68,0,9.4,0,0
RsubBackward1,"61440,128",,3.78,39.68,0,9.4,0,0
aten::neg,"61440,128",,13.08,35.9,0,9.4,0,0
empty_tensor,,,10.28,10.28,0,0,0,0
aclnnNeg,,,12.54,12.54,9.4,9.4,0,0
autograd::engine::evaluate_function: AddBackward0,,,5.99,7.95,0,0,0,0
AddBackward0,"61440,128",,1.96,1.96,0,0,0,0
autograd::engine::evaluate_function: ReluBackward0,,,19.57,69.05,0,29.66,0,0
ReluBackward0,"61440,128",,6.65,49.48,0,29.66,0,0
aten::threshold_backward,"61440,128;
61440,128;
",,17.43,42.83,0,29.66,0,0
empty_tensor,,,9.86,9.86,0,0,0,0
aclnnThresholdBackward,,,15.54,15.54,29.66,29.66,0,0
autograd::engine::evaluate_function: SubBackward0,,,6.77,8.73,0,0,0,0
SubBackward0,"61440,128",,1.96,1.96,0,0,0,0
autograd::engine::evaluate_function: DivBackward0,,,59.99,331.64,0,189.82,0,0
DivBackward0,"61440,128",,29.2,196.92,0,158.94,0,0
aten::neg,"61440,128",,13.69,45.34,0,9.46,0,0
empty_tensor,,,10.31,10.31,0,0,0,0
aclnnNeg,,,21.34,21.34,9.46,9.46,0,0
aten::div,"61440,128;
61440,1",,16.41,35.37,0,52.22,0,0
empty_tensor,,,9.87,9.87,0,0,0,0
aclnnDiv,,,9.09,9.09,52.22,52.22,0,0
aten::div,"61440,128;
61440,1",,12.19,30.13,0,34.98,0,0
empty_tensor,,,8.85,8.85,0,0,0,0
aclnnDiv,,,9.09,9.09,34.98,34.98,0,0
aten::mul,"61440,128;
61440,128",,12.3,28.72,0,27.04,0,0
empty_tensor,,,8.05,8.05,0,0,0,0
aclnnMul,,,8.37,8.37,27.04,27.04,0,0
aten::div,"61440,128;
61440,1",,12.04,28.16,0,35.24,0,0
empty_tensor,,,7.0,7.0,0,0,0,0
aclnnDiv,,,9.12,9.12,35.24,35.24,0,0
aten::sum,"61440,128;
;
;
",,28.87,47.54,0,23.32,0,0
empty_tensor,,,9.5,9.5,0,0,0,0
aclnnReduceSum,,,9.17,9.17,23.32,23.32,0,0
aten::add_,"61440,1;
61440,1;
",,16.7,27.19,0,7.56,0,0
aclnnInplaceAdd,,,10.49,10.49,7.56,7.56,0,0
autograd::engine::evaluate_function: MulBackward0,,,19.37,81.91,0,20.38,0,0
MulBackward0,"61440,1",,5.58,62.54,0,20.38,0,0
aten::mul,"61440,1;
",,30.56,56.96,0,20.38,0,0
empty_tensor,,,11.09,11.09,0,0,0,0
aten::item,,,2.98,4.72,0,0,0,0
aten::_local_scalar_dense,,,1.74,1.74,0,0,0,0
aclnnMuls,,,10.59,10.59,20.38,20.38,0,0
autograd::engine::evaluate_function: SubBackward0,,,37.38,192.17,0,42.32,0,0
SubBackward0,"61440,128",,8.21,67.97,0,14.38,0,0
aten::neg,"61440,128",,16.97,59.76,0,14.38,0,0
empty_tensor,,,11.17,11.17,0,0,0,0
aclnnNeg,,,31.62,31.62,14.38,14.38,0,0
aten::sum,"61440,128;
;
;
",,33.6,55.51,0,20.8,0,0
empty_tensor,,,12.42,12.42,0,0,0,0
aclnnReduceSum,,,9.49,9.49,20.8,20.8,0,0
aten::add_,"61440,1;
61440,1;
",,16.88,31.31,0,7.14,0,0
aclnnInplaceAdd,,,14.43,14.43,7.14,7.14,0,0
autograd::engine::evaluate_function: torch::autograd::AccumulateGrad,,,11.32,54.55,0,2.94,0,0
torch::autograd::AccumulateGrad,"61440,1",,16.39,43.23,0,2.94,0,0
aten::add_,"61440,1;
61440,1;
",,13.86,26.84,0,2.94,0,0
aclnnInplaceAdd,,,12.98,12.98,2.94,2.94,0,0
autograd::engine::evaluate_function: ViewBackward0,,,8.2,26.45,0,0,0,0
ViewBackward0,"61440,128",,4.8,18.25,0,0,0,0
aten::reshape,"61440,128;
",,4.71,13.45,0,0,0,0
aten::view,"61440,128;
",,8.74,8.74,0,0,0,0
autograd::engine::evaluate_function: torch::autograd::AccumulateGrad,,,6.08,49.68,0,27.3,0,0
torch::autograd::AccumulateGrad,"2560,3072",,16.38,43.6,0,27.3,0,0
aten::add_,"2560,3072;
2560,3072;
",,14.26,27.22,0,27.3,0,0
aclnnInplaceAdd,,,12.96,12.96,27.3,27.3,0,0
autograd::engine::evaluate_function: WhereBackward0,,,27.08,133.67,0,15.719999999999999,0,0
WhereBackward0,"61440,1",,4.93,106.59,0,15.719999999999999,0,0
aten::where,"61440,1;
61440,1;
",,14.53,101.66,0,15.719999999999999,0,0
aten::scalar_tensor,";
;
;
;
",,8.0,50.32,0,1.02,0,0
aten::empty,";
;
;
;
;
",,4.63,17.49,0,0,0,0
empty_tensor,,,12.86,12.86,0,0,0,0
aten::fill_,";
",,13.84,24.83,0,1.02,0,0
aclnnInplaceFillScalar,,,10.99,10.99,1.02,1.02,0,0
aten::to,"61440,1;
;
;
;
",,3.13,3.13,0,0,0,0
aten::where,"61440,1;
61440,1;
",,14.88,33.68,0,14.7,0,0
empty_tensor,,,10.54,10.54,0,0,0,0
aclnnSWhere,,,8.26,8.26,14.7,14.7,0,0
autograd::engine::evaluate_function: torch::autograd::AccumulateGrad,,,6.73,57.58,0,2.9,0,0
torch::autograd::AccumulateGrad,"61440,1",,16.16,50.85,0,2.9,0,0
aten::add_,"61440,1;
61440,1;
",,14.46,34.69,0,2.9,0,0
aclnnInplaceAdd,,,20.23,20.23,2.9,2.9,0,0
